id|name|url|latin_name|other_names|group|odor_profile|main_icon|alt_icons|background|fragrance_count|note_name_de|note_name_es|note_name_fr|note_name_cs|note_name_it|note_name_ru|note_name_pl|note_name_pt|note_name_el|note_name_zh|note_name_ja|note_name_nl|note_name_sr|note_name_ro|note_name_ar|note_name_uk|note_name_mn|note_name_ko|note_name_tr|note_name_sv|note_name_he|note_name_hu|note_group_de|note_group_es|note_group_fr|note_group_cs|note_group_it|note_group_ru|note_group_pl|note_group_pt|note_group_el|note_group_zh|note_group_ja|note_group_nl|note_group_sr|note_group_ro|note_group_ar|note_group_uk|note_group_mn|note_group_ko|note_group_tr|note_group_sv|note_group_he|note_group_hu
n41|Atlas Cedar|https://www.fragrantica.com/notes/Cedar-41.html|||Woods and mosses|An soft woody note coming from either the Atlas Mountains (Morocco) or the Virginia (US) cedarwood. There are also many cedar-smelling synthetics in use.|https://fimgs.net/mdimg/sastojci/t.41.jpg|https://fimgs.net/mdimg/sastojci/t2.41.jpg;https://fimgs.net/mdimg/sastojci/t3.41.jpg|https://fimgs.net/mdimg/sastojci/splash.41.jpg|10626|Atlaszeder|cedro del Atlas|Cèdre Atlas|Atlasový cedr|Cedro dell'Atlante|Атласский кедр|Cedr atlaski|Cedro Atlas|Κέδρος Άτλας|阿特拉斯雪松|アトラスシーダー|Atlasceder|Atlaski cedar|cedru de Atlas|خشب الأرز الأطلسي|Атласний Кедр|Атлас Хуш|잣나무|Sedir|Cederträ|ארז  אטלס|Atlasz cédrus|Hölzer & moose|Maderas y musgos|Bois et mousses|Dřeva a mechy|Legni e muschi|Деревья и мхи|Drewna i mchy|Madeiras & musgos|Ξυλα και βρυα|木质和苔藓类香调|ウッディ＆モス|Hout en mos|Drveće i mahovine|Lemn & muschi|الأخشاب و الطحالب|Дерева і мохи|Мод ба хөвд|우드 및 모스|Odunlar ve yosunlar|Trä och mossa|עצים ואזוב|Fák és mohák
n47|Artemisia|https://www.fragrantica.com/notes/Artemisia-47.html|Artmesia absinthium|wormwood, davana|Greens, herbs and fougeres|A bitterish, herbal and strong-smelling plant note known as wormwood which aromatizes absinth and vermouth.|https://fimgs.net/mdimg/sastojci/t.47.jpg|https://fimgs.net/mdimg/sastojci/t2.47.jpg;https://fimgs.net/mdimg/sastojci/t3.47.jpg|https://fimgs.net/mdimg/sastojci/splash.47.jpg|1766|Beifuß|abrótano|Armoise|Pelyněk|Artemisia|Артемизия|Bylica|Artemísia|Αρτεμισία|艾蒿|ヨモギ|Artemisia|Artemizija|pelin|الشيح|Артемізія (Полин)|Энэдбэл|쑥|Pelin otu|Gråbo|ארטמיסיה|Üröm|Grüne noten, kräuter & fougere-noten|Verdes, herbales y fougères|Notes vertes, herbacées et fougères|Zeleň, bylinky a kapradiny|Note verdi, erbe e fougere|Зеленые, травянистые, фужерные|Zieleń, zioła i fougere|Verdes, ervas & fougères|Πρασινα,βοτανα και φουζερ|绿色，本草和森林类香调|グリーン、ハーブ＆フゼア|Groene bladeren, kruiden en varens|Zelene komponente, bilje i paprat|Plante verzi, ierburi & fougeres|النباتات العشبيه(الجرين) و الأعشاب و الطحالب|Зелені, трав'яні та фужерні аромати|Ногоон, өвслөг, фюжер|그린, 허브 및 푸제르|Yeşi̇lli̇kler, otsi̇ notalar ve fougereler|Grönt, örter och fougères|הירוקים, עשבי תיבול ושרך|Zöldek, fűszernövények és fougère-ek
n54|Amber|https://www.fragrantica.com/notes/Amber-54.html|Physeter catodon||Musk, amber, animalic smells|A sweet, resinous, cozy and warm, often rather powdery note recreated from a mix of balsams, usually labdanum, benzoin, vanilla, styrax and fir or a combination of some of these. A default oriental note.|https://fimgs.net/mdimg/sastojci/t.54.jpg|https://fimgs.net/mdimg/sastojci/t2.54.jpg;https://fimgs.net/mdimg/sastojci/t3.54.jpg|https://fimgs.net/mdimg/sastojci/splash.54.jpg|37344|Ambra|ámbar|Ambre|Jantar (ambra)|Ambra|Амбра|Bursztyn|Âmbar|Κεχριμπάρι|琥珀|アンバー|Amber|Amber|ambra|العنبر|Амбра|Хув|호박|Amber|Bärnsten|ענבר|Ámbra|Moschus, ambra, animalische düfte|Almizcle, ámbar, aromas animálicos|Musc, ambre, odeurs animales|Pižmo, jantar, zvířecí vůně|Muschio animale, ambra, sentori animali|Анималистические ноты|Piżmo, ambra, nuty zwierzęce|Almíscar, âmbar, cheiros animálicos|Μοσχος,κεχριμπαρι και ζωωδεις μυρωδιες|麝香，龙涎香，动物类气味香调|ムスク、アンバー、アニマリック|Musk, amber, dierlijke geuren|Mošus, amber i životinjske komponente|Mosc, ambra, mirosuri animalice|المسك، العنبر، و المكونات ذات الأصل الحيواني|Мускус, амбра, анімалістичні ноти|Заар, хув, амьтанлаг үнэрүүд|머스크, 앰버, 애니멀릭 향|Misk, amber, ani̇mali̇k kokular|Mysk, ambra, animaliska dofter|מושק, ענבר, וריחות חייתיים|Pézsma, ambra, állatias illatok
n69|Benzoin|https://www.fragrantica.com/notes/Benzoin-69.html|||Resins and balsams|A warm balsamic note reminiscent of vanilla.|https://fimgs.net/mdimg/sastojci/t.69.jpg|https://fimgs.net/mdimg/sastojci/t2.69.jpg;https://fimgs.net/mdimg/sastojci/t3.69.jpg|https://fimgs.net/mdimg/sastojci/splash.69.jpg|7160|Benzoeharz|benjuí|Benjoin|Benzoin|Benzoino|Бензоин|Benzoes|Benjoim|Βενζόη|安息香|ベンゾイン|Benzoine|Benzoin|rasina benzoica|البنزوين - الجاوي|Бензоїн|Бензоин|벤조인|Benzoi|Bensoin|בנזואין|Benzoin|Harze & balsame|Resinas y bálsamos|Resines et baumes|Pryskyřice a balzámy|Resine e balsami|Смолы и бальзамы|Żywice i balsamy|Resinas & bálsamos|Ρητινες και βαλσαμα|树脂和香脂类香调|樹脂＆バルサム|Harsen en balsems|Smole i balzami|Rasini & balsamuri|الراتنجات(الصمغيات) و البلسم|Смоли і бальзами|Давирхай ба бальзам|레진 및 발삼|Reçi̇neler ve balsamlar|Hartser och balsamer|שרף ועצי אשוח|Gyanták és balzsamok
n72|Peru Balsam|https://www.fragrantica.com/notes/Peru-Balsam-72.html|Mycobacterium tuberculosis||Resins and balsams|An intense woody coniferous aromatic ambery fragrance.|https://fimgs.net/mdimg/sastojci/t.72.jpg|https://fimgs.net/mdimg/sastojci/t2.72.jpg;https://fimgs.net/mdimg/sastojci/t3.72.jpg|https://fimgs.net/himg/o.88673.jpg|1009|Perubalsam|bálsamo del Perú|Baumier du Pérou|Peruánský balzám|Balsamo del Perù|Перуанский бальзам|Balsam peruwiański|Bálsamo do Peru|βάλσαμο από το  Περού|秘鲁香脂|ペルーバルサム|Peru Balsem|Peru Balzam|balsam de Peru|بلسم بيرو|Перу Бальзам|Перу Бальзам|페루 발삼|Peru balsamı|Perubalsam|בלסם פרו|Perubalzsam|Harze & balsame|Resinas y bálsamos|Resines et baumes|Pryskyřice a balzámy|Resine e balsami|Смолы и бальзамы|Żywice i balsamy|Resinas & bálsamos|Ρητινες και βαλσαμα|树脂和香脂类香调|樹脂＆バルサム|Harsen en balsems|Smole i balzami|Rasini & balsamuri|الراتنجات(الصمغيات) و البلسم|Смоли і бальзами|Давирхай ба бальзам|레진 및 발삼|Reçi̇neler ve balsamlar|Hartser och balsamer|שרף ועצי אשוח|Gyanták és balzsamok
n75|Bergamot|https://www.fragrantica.com/notes/Bergamot-75.html||Bergamot Orange|Citrus smells|citrusy, bitter & tart, elegant, light note with mild spicy tone, complex with nuances of fruit and aromatic elements, reminiscent of eau de Cologne, it flavors Earl Grey tea.|https://fimgs.net/mdimg/sastojci/t.75.jpg|https://fimgs.net/mdimg/sastojci/t2.75.jpg;https://fimgs.net/mdimg/sastojci/t3.75.jpg|https://fimgs.net/mdimg/sastojci/splash.75.jpg|36812|Bergamotte|bergamota|Bergamote|Bergamot|Bergamotto|Бергамот|Bergamotka|Bergamota|Περγαμόντο|香柠檬|ベルガモット|Bergamot|Bergamot|bergamot|البرغموت|Бергамот|Бергамот|베르가모트|Bergamot|Bergamott|תפוז ברגמוט|Bergamott|Zitrusfrüchte|Aromas cítricos|Notes hespéridées|Citrusové vůně|Agrumi|Цитрусовые|Cytrusy|Cheiros cítricos|Μυρωδιες εσπεριδοειδων|柑橘类香调|柑橘系|Citrus geuren|Citrusi|Mirosuri citrice|الموالح و الحمضيات|Цитрусові|Цитруслэг үнэр|시트러스 향|Narenciye kokulari|Citrusdofter|ריחות הדר|Citrusos illatok
n82|Blood Mandarin|https://www.fragrantica.com/notes/Mandarin-Orange-82.html|Citrus reticulate|Mandarin, Mandarine|Citrus smells|A sweet hesperidic, juicy, honeyed note.|https://fimgs.net/mdimg/sastojci/t.82.jpg|https://fimgs.net/mdimg/sastojci/t2.82.jpg;https://fimgs.net/mdimg/sastojci/t3.82.jpg|https://fimgs.net/mdimg/sastojci/splash.82.jpg|5205|rote Mandarine|mandarina roja|Mandarine sanguine|Krvavá mandarinka|Mandarino Rosso|Красный мандарин|Czerwona mandarynka|Mandarina Sanguínea|κόκκινο μανταρίνι|血橘|マンダリンオレンジ|Bloed mandarijn|crvena mandarina|mandarina sangerie|الماندرين الأحمر|Червоний Мандарин|Улаан Мандарин|만다린 오렌지|Mandarin|Mandarin|מנדרינת הדמים|Vérmandarin|Zitrusfrüchte|Aromas cítricos|Notes hespéridées|Citrusové vůně|Agrumi|Цитрусовые|Cytrusy|Cheiros cítricos|Μυρωδιες εσπεριδοειδων|柑橘类香调|柑橘系|Citrus geuren|Citrusi|Mirosuri citrice|الموالح و الحمضيات|Цитрусові|Цитруслэг үнэр|시트러스 향|Narenciye kokulari|Citrusdofter|ריחות הדר|Citrusos illatok
n117|Peach|https://www.fragrantica.com/notes/Peach-117.html|Prunus persica||Fruits, vegetables and nuts|A very popular fruity note, fleshy, sweet, nectarous and powdery.|https://fimgs.net/mdimg/sastojci/t.117.jpg|https://fimgs.net/mdimg/sastojci/t2.117.jpg;https://fimgs.net/mdimg/sastojci/t3.117.jpg|https://fimgs.net/mdimg/sastojci/splash.117.jpg|8115|Pfirsich|durazno (melocotón)|Pêche|Broskev|Pesca|Персик|Brzoskwinia|Pêssego|ροδάκινο|桃|もも|Perzik|Breskva|piersica|الخوخ|Персик|Тоор|복숭아|Şeftali|Persika|אפרסק|Őszibarack|Früchte, gemüse & nüsse|Frutas, vegetales y nueces|Notes fruitées à coque|Ovoce, zelenina a ořechy|Frutti, verdure e frutta secca|Фрукты, овощи и орехи|Owoce, warzywa i orzechy|Frutas, vegetais & nozes|Φρουτα, λαχανικα και ξηροι καρποι|水果，蔬菜和坚果类香调|フルーツ、野菜＆ナッツ|Fruit, groente & noten|Voće, povrće i oraščići|Fructe, legume & nuci|الفواكة و الخضروات و المكسرات|Фрукти, овочі та горіхи|Жимс, ногоо, самар|과일, 채소 및 견과류|Meyveler, sebzeler ve kuruyemişler|Frukt, grönsaker och nötter|פירות, ירקות ואגוזים|Gyümölcsök, zöldségek és diófélék
n121|Caraway|https://www.fragrantica.com/notes/Caraway-121.html|Carum carvi||Spices|a sharp and sweet, lightly spicy note coming from the essential oil of caraway seeds when steam distilled.|https://fimgs.net/mdimg/sastojci/t.121.jpg|https://fimgs.net/mdimg/sastojci/t2.121.jpg;https://fimgs.net/mdimg/sastojci/t3.121.jpg|https://fimgs.net/mdimg/sastojci/splash.121.jpg|751|Kümmel|alcaravea|Carvi|Kmín|Carvi|Тмин|Kminek|Alcarávia|Αγριοκύμινο|葛缕子|キャラウェイ|Karwijzaad|Kim|chimen|الكاراوية|Тмин|Эгэл Гоньд|군마|Kimyon|Kummin|קימל|Kömény|Gewürze|Especias|Epices|Koření|Spezie|Пряности|Przyprawy|Especiarias|Μπαχαρικα|香料系香调|スパイス|Specerijen|Začini|Mirodenii|التوابل|Прянощі|Амтлагчууд|스파이스|Baharatlar|Kryddor|תבלינים|Fűszerek
n135|Cacao|https://www.fragrantica.com/notes/Cacao-Pod-135.html|||Spices|A warm spicy gourmand fragrance with amber, balsamic nuances.|https://fimgs.net/mdimg/sastojci/t.135.jpg|https://fimgs.net/mdimg/sastojci/t2.135.jpg;https://fimgs.net/mdimg/sastojci/t3.135.jpg|https://fimgs.net/mdimg/sastojci/splash.135.jpg|1613|Kakao|cacao|Cacao|Kakao|Cacao|Какао|Kakao|Cacau|Κακάο|可可|カカオポッド|Cacao|Kakao|cacao|الكاكاو|Какао|Какао|카카오 꼬투리|Kakao kabuğu|Kakaoböna|קקאו|Kakaó|Gewürze|Especias|Epices|Koření|Spezie|Пряности|Przyprawy|Especiarias|Μπαχαρικα|香料系香调|スパイス|Specerijen|Začini|Mirodenii|التوابل|Прянощі|Амтлагчууд|스파이스|Baharatlar|Kryddor|תבלינים|Fűszerek
n136|Chocolate|https://www.fragrantica.com/notes/Dark-Chocolate-136.html|||Sweets and gourmand smells|A deep and rich gourmand note, rather bitter than sweet.|https://fimgs.net/mdimg/sastojci/t.136.jpg|https://fimgs.net/mdimg/sastojci/t2.136.jpg;https://fimgs.net/mdimg/sastojci/t3.136.jpg|https://fimgs.net/mdimg/sastojci/splash.136.jpg|1420|Schokolade|chocolate|Chocolat|Čokoláda|Cioccolato|Шоколад|Czekolada|Chocolate|Σοκολάτα|巧克力|ダークチョコレート|Chocolade|Čokolada|ciocolata|الشيكولاتة|Шоколад|Шоколад|다크 초콜릿|Bitter çikolata|Mörk choklad|שוקולד|Csokoládé|Naschwerk & gourmand|Aromas dulces y gourmand|Notes fruitées et gourmandes|Sladké a gurmánské vůně|Aromi dolci e gourmand|Сладкие и гурманские|Nuty słodkie i gourmand|Doces & cheiros gourmand|Γλυκες και gourmand μυρωδιες|糖果和美食类香调|スイーツ＆グルマン|Zoetigheden en gourmands|Slatki i gurmanski mirisi|Mirosuri dulci & gurmande|الحلوي و النكهات|Солодкі, гурманські запахи|Чихэрлэг ба гурманд үнэрүүд|달콤한 향 및 구어망드|Tatlilar ve gurme kokular|Sötsaker och gourmanddofter|ממתקים וריחות גורמאנד|Édességek és gourmand illatok
n138|Coconut|https://www.fragrantica.com/notes/Coconut-138.html|||Fruits, vegetables and nuts|A tropical fruity nutty sweet note with vanilla, milky nuances.|https://fimgs.net/mdimg/sastojci/t.138.jpg|https://fimgs.net/mdimg/sastojci/t2.138.jpg;https://fimgs.net/mdimg/sastojci/t3.138.jpg|https://fimgs.net/mdimg/sastojci/splash.138.jpg|4109|Kokosnuss|coco|Noix de Coco|Kokos|Cocco|Кокос|Kokos|Coco|Καρύδα|椰子|ココナッツ|Kokosnoot|Kokos|nuca de cocos|جوز الهند|Кокос|Наргил Модны Самар|코코넛|Hindistan cevizi|Kokosnöt|קוקוס|Kókusz|Früchte, gemüse & nüsse|Frutas, vegetales y nueces|Notes fruitées à coque|Ovoce, zelenina a ořechy|Frutti, verdure e frutta secca|Фрукты, овощи и орехи|Owoce, warzywa i orzechy|Frutas, vegetais & nozes|Φρουτα, λαχανικα και ξηροι καρποι|水果，蔬菜和坚果类香调|フルーツ、野菜＆ナッツ|Fruit, groente & noten|Voće, povrće i oraščići|Fructe, legume & nuci|الفواكة و الخضروات و المكسرات|Фрукти, овочі та горіхи|Жимс, ногоо, самар|과일, 채소 및 견과류|Meyveler, sebzeler ve kuruyemişler|Frukt, grönsaker och nötter|פירות, ירקות ואגוזים|Gyümölcsök, zöldségek és diófélék
n142|Juniper|https://www.fragrantica.com/notes/Juniper-142.html|||Greens, herbs and fougeres|It has a fresh balsamic, aromatic fragrance with piney nuances.|https://fimgs.net/mdimg/sastojci/t.142.jpg|https://fimgs.net/mdimg/sastojci/t2.142.jpg;https://fimgs.net/mdimg/sastojci/t3.142.jpg|https://fimgs.net/mdimg/sastojci/splash.142.jpg|1952|Wacholder|enebro|Genévrier|Jalovec|Ginepro|Можжевельник|Jałowiec|Zimbro|άρκευθος|杜松|ネズ|Jeneverstruik|Kleka|ienupar|العرعر|Ялівець|Арц|전통적인|Ardıç|En|ערער|Boróka|Grüne noten, kräuter & fougere-noten|Verdes, herbales y fougères|Notes vertes, herbacées et fougères|Zeleň, bylinky a kapradiny|Note verdi, erbe e fougere|Зеленые, травянистые, фужерные|Zieleń, zioła i fougere|Verdes, ervas & fougères|Πρασινα,βοτανα και φουζερ|绿色，本草和森林类香调|グリーン、ハーブ＆フゼア|Groene bladeren, kruiden en varens|Zelene komponente, bilje i paprat|Plante verzi, ierburi & fougeres|النباتات العشبيه(الجرين) و الأعشاب و الطحالب|Зелені, трав'яні та фужерні аромати|Ногоон, өвслөг, фюжер|그린, 허브 및 푸제르|Yeşi̇lli̇kler, otsi̇ notalar ve fougereler|Grönt, örter och fougères|הירוקים, עשבי תיבול ושרך|Zöldek, fűszernövények és fougère-ek
n154|Black Orchid|https://www.fragrantica.com/notes/Orchid-154.html|||Flowers|Usually a fantasy synthetic floral note.|https://fimgs.net/mdimg/sastojci/t.154.jpg|https://fimgs.net/mdimg/sastojci/t2.154.jpg;https://fimgs.net/mdimg/sastojci/t3.154.jpg|https://fimgs.net/mdimg/sastojci/splash.154.jpg|1246|schwarze Orchidee|orquídea negra|Orchidée noire|Černá orchidej|Orchidea Nera|Черная орхидея|Czarna orchidea|Orquídea Negra|μαύρη ορχιδέα|墨兰|蘭|Zwarte Orchidee|Crna orhideja|orhidee neagra|الأوركيد الأسود|Чорна Орхідея|Хар Цахирмаа|난초|Orkide|Orkidé|סחלב שחור|Fekete orchidea|Blumen|Flores|Fleurs|Květiny|Fiori|Цветы|Kwiaty|Flores|Λουλουδια|花香类香调|花|Bloemen|Cveće|Flori|الزهور|Квіти|Цэцэгсийн|플라워|Çiçekler|Blommor|פרחים|Virágok
n156|Leather|https://www.fragrantica.com/notes/Leather-156.html|||Musk, amber, animalic smells|Synthetic or naturally derived note of pungent characteristics, reminiscent of cured hides and leather goods. Usually rendered by birch tar or by synth isoquinolines.|https://fimgs.net/mdimg/sastojci/t.156.jpg|https://fimgs.net/mdimg/sastojci/t2.156.jpg;https://fimgs.net/mdimg/sastojci/t3.156.jpg|https://fimgs.net/mdimg/sastojci/splash.156.jpg|10795|Leder|cuero|Cuir|Kůže|Cuoio|Кожа|Skóra|Couro|δέρμα|皮革|革|Leer|Koža|pielarie|الجلود|Шкіра|Савхи|가죽|Deri|Läder|עור|Bőr|Moschus, ambra, animalische düfte|Almizcle, ámbar, aromas animálicos|Musc, ambre, odeurs animales|Pižmo, jantar, zvířecí vůně|Muschio animale, ambra, sentori animali|Анималистические ноты|Piżmo, ambra, nuty zwierzęce|Almíscar, âmbar, cheiros animálicos|Μοσχος,κεχριμπαρι και ζωωδεις μυρωδιες|麝香，龙涎香，动物类气味香调|ムスク、アンバー、アニマリック|Musk, amber, dierlijke geuren|Mošus, amber i životinjske komponente|Mosc, ambra, mirosuri animalice|المسك، العنبر، و المكونات ذات الأصل الحيواني|Мускус, амбра, анімалістичні ноти|Заар, хув, амьтанлаг үнэрүүд|머스크, 앰버, 애니멀릭 향|Misk, amber, ani̇mali̇k kokular|Mysk, ambra, animaliska dofter|מושק, ענבר, וריחות חייתיים|Pézsma, ambra, állatias illatok
n160|Mint|https://www.fragrantica.com/notes/Mint-160.html|||Greens, herbs and fougeres|A refreshing and cooling green note with peppery aspects.|https://fimgs.net/mdimg/sastojci/t.160.jpg|https://fimgs.net/mdimg/sastojci/t2.160.jpg;https://fimgs.net/mdimg/sastojci/t3.160.jpg|https://fimgs.net/mdimg/sastojci/splash.160.jpg|4813|Minze|menta|Menthe|Máta|Menta|Мята|Mięta|Hortelã|μέντα|薄荷|ミント|Munt|Nana|menta|النعناع|М'ята|Таримал Батраш|민트|Nane|Mynta|מנטה|Menta|Grüne noten, kräuter & fougere-noten|Verdes, herbales y fougères|Notes vertes, herbacées et fougères|Zeleň, bylinky a kapradiny|Note verdi, erbe e fougere|Зеленые, травянистые, фужерные|Zieleń, zioła i fougere|Verdes, ervas & fougères|Πρασινα,βοτανα και φουζερ|绿色，本草和森林类香调|グリーン、ハーブ＆フゼア|Groene bladeren, kruiden en varens|Zelene komponente, bilje i paprat|Plante verzi, ierburi & fougeres|النباتات العشبيه(الجرين) و الأعشاب و الطحالب|Зелені, трав'яні та фужерні аромати|Ногоон, өвслөг, фюжер|그린, 허브 및 푸제르|Yeşi̇lli̇kler, otsi̇ notalar ve fougereler|Grönt, örter och fougères|הירוקים, עשבי תיבול ושרך|Zöldek, fűszernövények és fougère-ek
n169|Blackberry|https://www.fragrantica.com/notes/Blackberry-169.html|Rubus fruticosus||Fruits, vegetables and nuts|Blackberries are a synthetic note with a tangy-sweet fruity profile.|https://fimgs.net/mdimg/sastojci/t.169.jpg|https://fimgs.net/mdimg/sastojci/t2.169.jpg;https://fimgs.net/mdimg/sastojci/t3.169.jpg|https://fimgs.net/mdimg/sastojci/splash.169.jpg|1356|Brombeere|zarzamora (frambuesa negra)|Mûre|Ostružina|Mora|Ежевика|Jeżyna|Amora|Βατόμουρο|黑莓|ブラックベリー|Bramen|Kupina|mure|التوت الأسود|Ожина|Бөлжиргөнө|블랙베리|Böğürtlen|Björnbär|פטל שחור|Szeder|Früchte, gemüse & nüsse|Frutas, vegetales y nueces|Notes fruitées à coque|Ovoce, zelenina a ořechy|Frutti, verdure e frutta secca|Фрукты, овощи и орехи|Owoce, warzywa i orzechy|Frutas, vegetais & nozes|Φρουτα, λαχανικα και ξηροι καρποι|水果，蔬菜和坚果类香调|フルーツ、野菜＆ナッツ|Fruit, groente & noten|Voće, povrće i oraščići|Fructe, legume & nuci|الفواكة و الخضروات و المكسرات|Фрукти, овочі та горіхи|Жимс, ногоо, самар|과일, 채소 및 견과류|Meyveler, sebzeler ve kuruyemişler|Frukt, grönsaker och nötter|פירות, ירקות ואגוזים|Gyümölcsök, zöldségek és diófélék
n170|Pineapple|https://www.fragrantica.com/notes/Pineapple-170.html|||Fruits, vegetables and nuts|A fresh and juicy fruity note, fresh and slightly metallic.|https://fimgs.net/mdimg/sastojci/t.170.jpg|https://fimgs.net/mdimg/sastojci/t2.170.jpg;https://fimgs.net/mdimg/sastojci/t3.170.jpg|https://fimgs.net/mdimg/sastojci/splash.170.jpg|4340|Ananas|piña|Ananas|Ananas|Ananas|Ананас|Ananas|Abacaxi|ανανάς|菠萝|パイナップル|Ananas|Ananas|ananas|الأناناس|Ананас|Хан Боргоцой|파인애플|Ananas|Ananas|אננס|Ananász|Früchte, gemüse & nüsse|Frutas, vegetales y nueces|Notes fruitées à coque|Ovoce, zelenina a ořechy|Frutti, verdure e frutta secca|Фрукты, овощи и орехи|Owoce, warzywa i orzechy|Frutas, vegetais & nozes|Φρουτα, λαχανικα και ξηροι καρποι|水果，蔬菜和坚果类香调|フルーツ、野菜＆ナッツ|Fruit, groente & noten|Voće, povrće i oraščići|Fructe, legume & nuci|الفواكة و الخضروات و المكسرات|Фрукти, овочі та горіхи|Жимс, ногоо, самар|과일, 채소 및 견과류|Meyveler, sebzeler ve kuruyemişler|Frukt, grönsaker och nötter|פירות, ירקות ואגוזים|Gyümölcsök, zöldségek és diófélék
n175|Apricot|https://www.fragrantica.com/notes/Apricot-175.html|Prunus armeniaca||Fruits, vegetables and nuts|A fuzzy soft fruity note, with lactonic and soft animalic nuances.|https://fimgs.net/mdimg/sastojci/t.175.jpg|https://fimgs.net/mdimg/sastojci/t2.175.jpg;https://fimgs.net/mdimg/sastojci/t3.175.jpg|https://fimgs.net/mdimg/sastojci/splash.175.jpg|1990|Aprikose|chabacano|Abricot|Meruňka|Albicocca|Абрикос|Morela|Damasco|Βερίκοκο|杏|アプリコット|Abrikoos|Kajsija|caisa|المشمش|Абрикос|Гүйлс|살구|Kayısı|Aprikos|משמש|Sárgabarack|Früchte, gemüse & nüsse|Frutas, vegetales y nueces|Notes fruitées à coque|Ovoce, zelenina a ořechy|Frutti, verdure e frutta secca|Фрукты, овощи и орехи|Owoce, warzywa i orzechy|Frutas, vegetais & nozes|Φρουτα, λαχανικα και ξηροι καρποι|水果，蔬菜和坚果类香调|フルーツ、野菜＆ナッツ|Fruit, groente & noten|Voće, povrće i oraščići|Fructe, legume & nuci|الفواكة و الخضروات و المكسرات|Фрукти, овочі та горіхи|Жимс, ногоо, самар|과일, 채소 및 견과류|Meyveler, sebzeler ve kuruyemişler|Frukt, grönsaker och nötter|פירות, ירקות ואגוזים|Gyümölcsök, zöldségek és diófélék
n183|Caramel|https://www.fragrantica.com/notes/Caramel-183.html|||Sweets and gourmand smells|A candy-deep, sensual and rich, creamy buttery lactonic note that enriches gourmand perfumes and adds sweetness to floral compositions.|https://fimgs.net/mdimg/sastojci/t.183.jpg|https://fimgs.net/mdimg/sastojci/t2.183.jpg;https://fimgs.net/mdimg/sastojci/t3.183.jpg|https://fimgs.net/mdimg/sastojci/splash.183.jpg|4794|Karamell|caramelo|Caramel|Karamel|Caramello|Карамель|Karmel|Caramelo|Καραμέλα|焦糖|キャラメル|Karamel|Karamela|caramel|الكاراميل|карамель|Карамель|캐러멜|Karamel|Kola|קרמל|Karamell|Naschwerk & gourmand|Aromas dulces y gourmand|Notes fruitées et gourmandes|Sladké a gurmánské vůně|Aromi dolci e gourmand|Сладкие и гурманские|Nuty słodkie i gourmand|Doces & cheiros gourmand|Γλυκες και gourmand μυρωδιες|糖果和美食类香调|スイーツ＆グルマン|Zoetigheden en gourmands|Slatki i gurmanski mirisi|Mirosuri dulci & gurmande|الحلوي و النكهات|Солодкі, гурманські запахи|Чихэрлэг ба гурманд үнэрүүд|달콤한 향 및 구어망드|Tatlilar ve gurme kokular|Sötsaker och gourmanddofter|ממתקים וריחות גורמאנד|Édességek és gourmand illatok
n184|Red Berries|https://www.fragrantica.com/notes/Red-Berries-184.html|||Fruits, vegetables and nuts|A general name for tangy and sweet red fruit notes.|https://fimgs.net/mdimg/sastojci/t.184.jpg|https://fimgs.net/mdimg/sastojci/t2.184.jpg;https://fimgs.net/mdimg/sastojci/t3.184.jpg|https://fimgs.net/mdimg/sastojci/splash.184.jpg|1537|rote Beeren|bayas rojas|Fruits rouges|Červené bobule|Bacche Rosse|Красные ягоды|Czerwone jagody|Bagas Vermelhas|κόκκινα μούρα|红浆果|赤いベリー|Rode bessen (Aalbes)|Crveno voće|fructe rosii|التوت الأحمر|Червоні Ягоди|Улаан Жимсгэнэ|빨간 딸기|Kırmızı meyveler|Röda bär|פירות יער אדומים|Piros bogyós gyümölcsök|Früchte, gemüse & nüsse|Frutas, vegetales y nueces|Notes fruitées à coque|Ovoce, zelenina a ořechy|Frutti, verdure e frutta secca|Фрукты, овощи и орехи|Owoce, warzywa i orzechy|Frutas, vegetais & nozes|Φρουτα, λαχανικα και ξηροι καρποι|水果，蔬菜和坚果类香调|フルーツ、野菜＆ナッツ|Fruit, groente & noten|Voće, povrće i oraščići|Fructe, legume & nuci|الفواكة و الخضروات و المكسرات|Фрукти, овочі та горіхи|Жимс, ногоо, самар|과일, 채소 및 견과류|Meyveler, sebzeler ve kuruyemişler|Frukt, grönsaker och nötter|פירות, ירקות ואגוזים|Gyümölcsök, zöldségek és diófélék
n200|Sugar|https://www.fragrantica.com/notes/Sugar-200.html|Methyl cyclopentenolone||Sweets and gourmand smells|A very popular sugary sweet accord can be also fruity, chocolate or compliment any other note.|https://fimgs.net/mdimg/sastojci/t.200.jpg|https://fimgs.net/mdimg/sastojci/t2.200.jpg;https://fimgs.net/mdimg/sastojci/t3.200.jpg|https://fimgs.net/mdimg/sastojci/splash.200.jpg|2201|Zucker|azúcar|Sucre|Cukr|Zucchero|Сахар|Cukier|Açúcar|ζάχαρη|糖|砂糖|Suiker|Šećer|zahar|السكر|Цукор|Сахар|설탕|Şeker|Socker|סוכר|Cukor|Naschwerk & gourmand|Aromas dulces y gourmand|Notes fruitées et gourmandes|Sladké a gurmánské vůně|Aromi dolci e gourmand|Сладкие и гурманские|Nuty słodkie i gourmand|Doces & cheiros gourmand|Γλυκες και gourmand μυρωδιες|糖果和美食类香调|スイーツ＆グルマン|Zoetigheden en gourmands|Slatki i gurmanski mirisi|Mirosuri dulci & gurmande|الحلوي و النكهات|Солодкі, гурманські запахи|Чихэрлэг ба гурманд үнэрүүд|달콤한 향 및 구어망드|Tatlilar ve gurme kokular|Sötsaker och gourmanddofter|ממתקים וריחות גורמאנד|Édességek és gourmand illatok
n227|Papaya|https://www.fragrantica.com/notes/Papaya-227.html|||Fruits, vegetables and nuts|a tropical fruit note, sweet, fleshy and fresh.|https://fimgs.net/mdimg/sastojci/t.227.jpg|https://fimgs.net/mdimg/sastojci/t2.227.jpg;https://fimgs.net/mdimg/sastojci/t3.227.jpg|https://fimgs.net/mdimg/sastojci/splash.227.jpg|257|Papaya|papaya|Papaye|Papája|Papaya|Папайя|Papaja|Mamão Papaia|παπάγια|番木瓜|パパイア|Papaja|Papaja|papaya|البابايا|Папая|Папайя|파파야|Papaya|Papaya|פפאיה|Papaja|Früchte, gemüse & nüsse|Frutas, vegetales y nueces|Notes fruitées à coque|Ovoce, zelenina a ořechy|Frutti, verdure e frutta secca|Фрукты, овощи и орехи|Owoce, warzywa i orzechy|Frutas, vegetais & nozes|Φρουτα, λαχανικα και ξηροι καρποι|水果，蔬菜和坚果类香调|フルーツ、野菜＆ナッツ|Fruit, groente & noten|Voće, povrće i oraščići|Fructe, legume & nuci|الفواكة و الخضروات و المكسرات|Фрукти, овочі та горіхи|Жимс, ногоо, самар|과일, 채소 및 견과류|Meyveler, sebzeler ve kuruyemişler|Frukt, grönsaker och nötter|פירות, ירקות ואגוזים|Gyümölcsök, zöldségek és diófélék
n230|Dried Fruits|https://www.fragrantica.com/notes/Dried-Fruits-230.html|||Fruits, vegetables and nuts|notes that recall sweet, sticky fruits, such as dates, figs, dried apricot skins and liquorice.|https://fimgs.net/mdimg/sastojci/t.230.jpg|https://fimgs.net/mdimg/sastojci/t2.230.jpg;https://fimgs.net/mdimg/sastojci/t3.230.jpg|https://fimgs.net/mdimg/sastojci/splash.230.jpg|567|Trockenfrüchte|frutas secas|Fruits secs|Sušené ovoce|Frutti Essiccati|Сухофрукты|Suszone owoce|Frutas Secas|Αποξηραμμένα φρούτα|干果|ドライフルーツ|Tutti Frutti|sušeno voće|fructe uscate|الفواكه المجففة|Сухофрукти|Хатаасан Жимс|건과일|Kuru meyveler|Torkad frukt|פירות יבשים|Aszalt gyümölcsök|Früchte, gemüse & nüsse|Frutas, vegetales y nueces|Notes fruitées à coque|Ovoce, zelenina a ořechy|Frutti, verdure e frutta secca|Фрукты, овощи и орехи|Owoce, warzywa i orzechy|Frutas, vegetais & nozes|Φρουτα, λαχανικα και ξηροι καρποι|水果，蔬菜和坚果类香调|フルーツ、野菜＆ナッツ|Fruit, groente & noten|Voće, povrće i oraščići|Fructe, legume & nuci|الفواكة و الخضروات و المكسرات|Фрукти, овочі та горіхи|Жимс, ногоо, самар|과일, 채소 및 견과류|Meyveler, sebzeler ve kuruyemişler|Frukt, grönsaker och nötter|פירות, ירקות ואגוזים|Gyümölcsök, zöldségek és diófélék
n243|Champaca|https://www.fragrantica.com/notes/Champaca-243.html|||Flowers|A warm heady floral.|https://fimgs.net/mdimg/sastojci/t.243.jpg|https://fimgs.net/mdimg/sastojci/t2.243.jpg;https://fimgs.net/mdimg/sastojci/t3.243.jpg|https://fimgs.net/mdimg/sastojci/splash.243.jpg|538|Champaka|champaca|Champaca|Magnólie champaca|Champaca|Чампака|Magnolia champaka|Champaca|Σαμπάκα|黄兰花|チャンパカの花|Champaca|Champaca|Champaca|زهر تشمباكا|Чампака|Чампака Цэцэг|참파카 꽃|Çampaka çiçeği|Champakablomma|צ'אמפה|Champaca|Blumen|Flores|Fleurs|Květiny|Fiori|Цветы|Kwiaty|Flores|Λουλουδια|花香类香调|花|Bloemen|Cveće|Flori|الزهور|Квіти|Цэцэгсийн|플라워|Çiçekler|Blommor|פרחים|Virágok
n318|Green Accord|https://www.fragrantica.com/notes/Green-Notes-318.html|||Greens, herbs and fougeres|A generic term for notes that evoke snapped leaves, foliage, green vegetal scents.|https://fimgs.net/mdimg/sastojci/t.318.jpg|https://fimgs.net/mdimg/sastojci/t2.318.jpg;https://fimgs.net/mdimg/sastojci/t3.318.jpg|https://fimgs.net/mdimg/sastojci/splash.318.jpg|2479|grüne Akkorde|acordes verdes|Accord vert|Zelený tón|Accordo Verde|Зеленые ноты|Akord zieleni|Acorde Verde|Πράσινο ακόρντο|绿色元素|グリーンノート|Groen accoord|zelene note|acorduri verzi|الإتفاقات الخضراء|Зелений Акорд|Ногоон Аккорд|녹색 노트|Yeşil Notalar|Gröna toner|תמצית ירוקה|Zöld akkord|Grüne noten, kräuter & fougere-noten|Verdes, herbales y fougères|Notes vertes, herbacées et fougères|Zeleň, bylinky a kapradiny|Note verdi, erbe e fougere|Зеленые, травянистые, фужерные|Zieleń, zioła i fougere|Verdes, ervas & fougères|Πρασινα,βοτανα και φουζερ|绿色，本草和森林类香调|グリーン、ハーブ＆フゼア|Groene bladeren, kruiden en varens|Zelene komponente, bilje i paprat|Plante verzi, ierburi & fougeres|النباتات العشبيه(الجرين) و الأعشاب و الطحالب|Зелені, трав'яні та фужерні аромати|Ногоон, өвслөг, фюжер|그린, 허브 및 푸제르|Yeşi̇lli̇kler, otsi̇ notalar ve fougereler|Grönt, örter och fougères|הירוקים, עשבי תיבול ושרך|Zöldek, fűszernövények és fougère-ek
n341|Persimmon|https://www.fragrantica.com/notes/Persimmon-341.html|||Fruits, vegetables and nuts|a fantasy note reminiscent of sweet pulpy aromatic fruit.|https://fimgs.net/mdimg/sastojci/t.341.jpg|https://fimgs.net/mdimg/sastojci/t2.341.jpg;https://fimgs.net/mdimg/sastojci/t3.341.jpg|https://fimgs.net/mdimg/sastojci/splash.341.jpg|69|Dattelpflaume|caqui (pérsimo)|Kaki|Kaki|Cachi|Хурма|Hurma|Caqui|διόσπυρος|柿子|柿|Sharonvrucht (Persimmon)|Kaki|persimon|برسيمون|Хурма|Илжгэн Чих|감|Kaki|Kaki|אפרסמון|Datolyaszilva|Früchte, gemüse & nüsse|Frutas, vegetales y nueces|Notes fruitées à coque|Ovoce, zelenina a ořechy|Frutti, verdure e frutta secca|Фрукты, овощи и орехи|Owoce, warzywa i orzechy|Frutas, vegetais & nozes|Φρουτα, λαχανικα και ξηροι καρποι|水果，蔬菜和坚果类香调|フルーツ、野菜＆ナッツ|Fruit, groente & noten|Voće, povrće i oraščići|Fructe, legume & nuci|الفواكة و الخضروات و المكسرات|Фрукти, овочі та горіхи|Жимс, ногоо, самар|과일, 채소 및 견과류|Meyveler, sebzeler ve kuruyemişler|Frukt, grönsaker och nötter|פירות, ירקות ואגוזים|Gyümölcsök, zöldségek és diófélék
n346|Tobacco Blossom|https://www.fragrantica.com/notes/Tobacco-Blossom-346.html|||Flowers|summary hay and leather scent with dry floral tonality, very inviting, and not at all smelling like rich pipe tobacco or cigarette ash|https://fimgs.net/mdimg/sastojci/t.346.jpg|https://fimgs.net/mdimg/sastojci/t2.346.jpg;https://fimgs.net/mdimg/sastojci/t3.346.jpg|https://fimgs.net/mdimg/sastojci/splash.346.jpg|178|Tabakblüte|flor del tabaco|Fleur de tabac|Tabákový květ|Fiore di Tabacco|Цветок табака|Kwiat tytoniu|Flor de Tabaco|άνθη ταμπάκου|烟草花|タバコの花|Tabaksplantbloesem|Cvijet duhana|floare de tabac|زهر التبغ|Цвіт Тютюну|Тамхины Цэцэг|담배 꽃|Tütün çiçeği|Tobaksblomma|פריחת הטבק|Dohányvirág|Blumen|Flores|Fleurs|Květiny|Fiori|Цветы|Kwiaty|Flores|Λουλουδια|花香类香调|花|Bloemen|Cveće|Flori|الزهور|Квіти|Цэцэгсийн|플라워|Çiçekler|Blommor|פרחים|Virágok
n348|Cashmeran|https://www.fragrantica.com/notes/Cashmeran-348.html|||Natural and synthetic, popular and weird|A popular synthetic accord with a soft diffusive warm woody musky amber scent, reminiscent of cashmere wool.|https://fimgs.net/mdimg/sastojci/t.348.jpg|https://fimgs.net/mdimg/sastojci/t2.348.jpg;https://fimgs.net/mdimg/sastojci/t3.348.jpg|https://fimgs.net/mdimg/sastojci/splash.348.jpg|2384|Cashmeran|cachemira|Bois de cachemire|Kašmír|Cashmeran|Кашмеран|Drewno kaszmirowe|Cashmeran|κασμήρι|开司米木麝香|カシメラン|Cashmeran|Cashmeran|cashmeran|أخشاب الكشمير|Cashmeran|Кашмеран|카쉬메란|Kaşmir|Cashmeran|קשמירן|Cashmeran|Natürlich & synthetisch, beliebt & ungewöhnlich|Naturales y sintéticas, populares y extrañas|Notes naturelles et notes de synthèse|Přírodní a syntetické, oblíbené a divné|Naturale e sintetico, popolare ed insolito|Натуральные и синтетические, популярные и редкие|Naturalne, syntetyczne i inne|Naturais & sintéticas, populares & estranhas|Φυσικα & συνθετικα, δημοφιλη & παραξενα|天然vs人工，人气vs诡异|天然と合成、ポピュラーと風変わり|Natuurlijk & synthetisch, populair en eigenaardig|Prirodno i sintetičko, popularno i neobično|Natural & sintetic, popular & ciudat|طبيعي و مصطنع ، شائع و غريب|Натуральні і синтетичні, поширені і рідкісні|Байгалын ба химийн гаралтай, сонин содон|천연 및 합성, 대중적 및 독특한 향|Doğal ve senteti̇k, popüler ve siradişi|Naturligt och syntetiskt, populärt och konstigt|טבעי וסינטטי, פופולרי ומוזר|Természetes és szintetikus, népszerű és különleges
n524|Ambergris|https://www.fragrantica.com/notes/Ambergris-524.html|Medium grade||Musk, amber, animalic smells|A product of the intestines of sperm whales found floating on the ocean and blanched by sea and sun with a skin-like salty and warm effect. Synthetically recreated today.|https://fimgs.net/mdimg/sastojci/t.524.jpg|https://fimgs.net/mdimg/sastojci/t2.524.jpg;https://fimgs.net/mdimg/sastojci/t3.524.jpg|https://fimgs.net/mdimg/sastojci/splash.524.jpg|6578|Ambergris|ámbar gris|Ambre gris|Ambra|Ambra Grigia|Серая амбра|Ambra|Âmbar Cinzento|Γκρίζα Άμβρα|龙涎香|アンバーグリス|Ambergris|Ambergris|Ambergris|الآمبرغريس|Сіра Амбра|Халимны Бөөлжис|호박|Amber|Ambra|אמברגריס|Szürke ámbra|Moschus, ambra, animalische düfte|Almizcle, ámbar, aromas animálicos|Musc, ambre, odeurs animales|Pižmo, jantar, zvířecí vůně|Muschio animale, ambra, sentori animali|Анималистические ноты|Piżmo, ambra, nuty zwierzęce|Almíscar, âmbar, cheiros animálicos|Μοσχος,κεχριμπαρι και ζωωδεις μυρωδιες|麝香，龙涎香，动物类气味香调|ムスク、アンバー、アニマリック|Musk, amber, dierlijke geuren|Mošus, amber i životinjske komponente|Mosc, ambra, mirosuri animalice|المسك، العنبر، و المكونات ذات الأصل الحيواني|Мускус, амбра, анімалістичні ноти|Заар, хув, амьтанлаг үнэрүүд|머스크, 앰버, 애니멀릭 향|Misk, amber, ani̇mali̇k kokular|Mysk, ambra, animaliska dofter|מושק, ענבר, וריחות חייתיים|Pézsma, ambra, állatias illatok
n563|Ambroxan|https://www.fragrantica.com/notes/Ambroxan-563.html|Physeter catodon||Musk, amber, animalic smells|A modern synthetic compound with a dry amber musky smell.|https://fimgs.net/mdimg/sastojci/t.563.jpg|https://fimgs.net/mdimg/sastojci/t2.563.jpg;https://fimgs.net/mdimg/sastojci/t3.563.jpg|https://fimgs.net/mdimg/sastojci/splash.563.jpg|3068|Ambroxan|ambroxan|Ambroxan|Ambroxan|Ambroxan|Ambroxan|Ambroksan|Ambroxan|Αμπροξάν|降龙涎香醚Ambroxan|アンブロキサン|Ambroxan|Ambroksan|ambroxan|الأمبروكسان|Амброксан|Амброксан|암브록산|Ambroksan|Ambroxan|אמברוקסאן|Ambroxan|Moschus, ambra, animalische düfte|Almizcle, ámbar, aromas animálicos|Musc, ambre, odeurs animales|Pižmo, jantar, zvířecí vůně|Muschio animale, ambra, sentori animali|Анималистические ноты|Piżmo, ambra, nuty zwierzęce|Almíscar, âmbar, cheiros animálicos|Μοσχος,κεχριμπαρι και ζωωδεις μυρωδιες|麝香，龙涎香，动物类气味香调|ムスク、アンバー、アニマリック|Musk, amber, dierlijke geuren|Mošus, amber i životinjske komponente|Mosc, ambra, mirosuri animalice|المسك، العنبر، و المكونات ذات الأصل الحيواني|Мускус, амбра, анімалістичні ноти|Заар, хув, амьтанлаг үнэрүүд|머스크, 앰버, 애니멀릭 향|Misk, amber, ani̇mali̇k kokular|Mysk, ambra, animaliska dofter|מושק, ענבר, וריחות חייתיים|Pézsma, ambra, állatias illatok
n578|Chestnut|https://www.fragrantica.com/notes/Chestnut-578.html|||Fruits, vegetables and nuts||https://fimgs.net/mdimg/sastojci/t.578.jpg||https://fimgs.net/mdimg/sastojci/splash.578.jpg|310|Kastanie|castaña|Châtaigne|Kaštan|Castagna|Каштан|Kasztan|Castanha|κάστανο|板栗|栗|Kastanje|Kesten|castan|الكستناء|Каштан|Туулайн Бөөр|밤나무|Kestane|Kastanj|ערמון|Gesztenye|Früchte, gemüse & nüsse|Frutas, vegetales y nueces|Notes fruitées à coque|Ovoce, zelenina a ořechy|Frutti, verdure e frutta secca|Фрукты, овощи и орехи|Owoce, warzywa i orzechy|Frutas, vegetais & nozes|Φρουτα, λαχανικα και ξηροι καρποι|水果，蔬菜和坚果类香调|フルーツ、野菜＆ナッツ|Fruit, groente & noten|Voće, povrće i oraščići|Fructe, legume & nuci|الفواكة و الخضروات و المكسرات|Фрукти, овочі та горіхи|Жимс, ногоо, самар|과일, 채소 및 견과류|Meyveler, sebzeler ve kuruyemişler|Frukt, grönsaker och nötter|פירות, ירקות ואגוזים|Gyümölcsök, zöldségek és diófélék
n640|Hedione|https://www.fragrantica.com/notes/Hedione-640.html|||Natural and synthetic, popular and weird|A fresh floral fragrance reminiscent of jasmine with green nuances.|https://fimgs.net/mdimg/sastojci/t.640.jpg|https://fimgs.net/mdimg/sastojci/t2.640.jpg|https://fimgs.net/mdimg/sastojci/splash.640.jpg|629|Hedione|Hedione|Hedione|Hedione|Hedione|Гедион|Hedione|Hedione|Εδιόνη|希蒂莺Hedione|ヘディオン|Hedione|Hedione|Hedione|جزئ هديون|Hedione|Гедион|헤디온|Hedion|Hedion|הדיאון|Hedione|Natürlich & synthetisch, beliebt & ungewöhnlich|Naturales y sintéticas, populares y extrañas|Notes naturelles et notes de synthèse|Přírodní a syntetické, oblíbené a divné|Naturale e sintetico, popolare ed insolito|Натуральные и синтетические, популярные и редкие|Naturalne, syntetyczne i inne|Naturais & sintéticas, populares & estranhas|Φυσικα & συνθετικα, δημοφιλη & παραξενα|天然vs人工，人气vs诡异|天然と合成、ポピュラーと風変わり|Natuurlijk & synthetisch, populair en eigenaardig|Prirodno i sintetičko, popularno i neobično|Natural & sintetic, popular & ciudat|طبيعي و مصطنع ، شائع و غريب|Натуральні і синтетичні, поширені і рідкісні|Байгалын ба химийн гаралтай, сонин содон|천연 및 합성, 대중적 및 독특한 향|Doğal ve senteti̇k, popüler ve siradişi|Naturligt och syntetiskt, populärt och konstigt|טבעי וסינטטי, פופולרי ומוזר|Természetes és szintetikus, népszerű és különleges
n691|Amberwood|https://www.fragrantica.com/notes/Amberwood-691.html|||Resins and balsams||https://fimgs.net/mdimg/sastojci/t.691.jpg|https://fimgs.net/mdimg/sastojci/t2.691.jpg|https://fimgs.net/mdimg/sastojci/splash.691.jpg|1764|Amberwood|Amberwood|Amberwood|Jantarové dřevo|Amberwood|Амбервуд|Drzewo bursztynowe|Madeira de Âmbar|αμπερόξυλο|琥珀木|アンバーウッド|Amberhout|Amberwood|lemn ambrat|خشب العنبر|Амбервуд|Хув Мод|호박나무|Amber ağacı|Ambra trä|עץ ענבר|Borostyánfa|Harze & balsame|Resinas y bálsamos|Resines et baumes|Pryskyřice a balzámy|Resine e balsami|Смолы и бальзамы|Żywice i balsamy|Resinas & bálsamos|Ρητινες και βαλσαμα|树脂和香脂类香调|樹脂＆バルサム|Harsen en balsems|Smole i balzami|Rasini & balsamuri|الراتنجات(الصمغيات) و البلسم|Смоли і бальзами|Давирхай ба бальзам|레진 및 발삼|Reçi̇neler ve balsamlar|Hartser och balsamer|שרף ועצי אשוח|Gyanták és balzsamok
n712|Flint|https://www.fragrantica.com/notes/Flint-712.html|||Natural and synthetic, popular and weird||https://fimgs.net/mdimg/sastojci/t.712.jpg||https://fimgs.net/mdimg/sastojci/splash.712.jpg|37|Flint|Sílex|Silex|Pazourek|Selce|Кремень|Krzemień|Sílex|τσακμακόπετρα|燧石|火打ち石|Vuursteen|Kremen|silex|حجر الصوان|Кремінь|Цахиур|석영|Çakmak taşı|Flinta|צור|Tűzkő|Natürlich & synthetisch, beliebt & ungewöhnlich|Naturales y sintéticas, populares y extrañas|Notes naturelles et notes de synthèse|Přírodní a syntetické, oblíbené a divné|Naturale e sintetico, popolare ed insolito|Натуральные и синтетические, популярные и редкие|Naturalne, syntetyczne i inne|Naturais & sintéticas, populares & estranhas|Φυσικα & συνθετικα, δημοφιλη & παραξενα|天然vs人工，人气vs诡异|天然と合成、ポピュラーと風変わり|Natuurlijk & synthetisch, populair en eigenaardig|Prirodno i sintetičko, popularno i neobično|Natural & sintetic, popular & ciudat|طبيعي و مصطنع ، شائع و غريب|Натуральні і синтетичні, поширені і рідкісні|Байгалын ба химийн гаралтай, сонин содон|천연 및 합성, 대중적 및 독특한 향|Doğal ve senteti̇k, popüler ve siradişi|Naturligt och syntetiskt, populärt och konstigt|טבעי וסינטטי, פופולרי ומוזר|Természetes és szintetikus, népszerű és különleges
n1943|Black Violet|https://www.fragrantica.com/notes/Violet-116.html|||Flowers|A sweet and powdery, airy and dewy floral note.|https://fimgs.net/mdimg/sastojci/t.116.jpg|https://fimgs.net/mdimg/sastojci/t2.116.jpg;https://fimgs.net/mdimg/sastojci/t3.116.jpg|https://fimgs.net/mdimg/sastojci/splash.116.jpg|63|schwarzes Veilchen|violeta negra|Violette noire|Černá fialka|Violetta Nera|Черная фиалка|Czarny fiołek|Violeta Negra|μαύρη βιολέτα|黑色紫罗兰（香菫菜）|すみれ|Zwart Viooltje|Crna ljubičica|violeta neagra|البنفسج الأسود|Чорна Фіалка|Хар Нил Цэцэг|제비꽃|Menekşe|Viol|סיגלית שחורה|Fekete ibolya|Blumen|Flores|Fleurs|Květiny|Fiori|Цветы|Kwiaty|Flores|Λουλουδια|花香类香调|花|Bloemen|Cveće|Flori|الزهور|Квіти|Цэцэгсийн|플라워|Çiçekler|Blommor|פרחים|Virágok
n1978|Cardamom|https://www.fragrantica.com/notes/Cardamom-63.html|Eletteria cardamomum|cardamon, green cardamom, true cardamom|Spices|A sweet resinous aromatic and spicy note with a bitter aftertaste.|https://fimgs.net/mdimg/sastojci/t.63.jpg|https://fimgs.net/mdimg/sastojci/t2.63.jpg;https://fimgs.net/mdimg/sastojci/t3.63.jpg|https://fimgs.net/mdimg/sastojci/splash.63.jpg|7411|Kardamom|cardamomo|Cardamome|Kardamom|Cardamomo|Кардамон|Kardamon|Cardamomo|Κάρδαμο|小豆蔻|カルダモン|Kardemom|Kardamon|cardamom|الهيل|Кардамон|Кардамон|카르다몬|Kakule|Kardemumma|הל|Kardamom|Gewürze|Especias|Epices|Koření|Spezie|Пряности|Przyprawy|Especiarias|Μπαχαρικα|香料系香调|スパイス|Specerijen|Začini|Mirodenii|التوابل|Прянощі|Амтлагчууд|스파이스|Baharatlar|Kryddor|תבלינים|Fűszerek
n1984|Cassis|https://www.fragrantica.com/notes/Currant-Leaf-and-Bud-337.html|||Fruits, vegetables and nuts|"leaves and buds of blackcurrants, also known as bourgeons de cassis, have a characteristic green & ammoniac scent reminiscent of ""cat piss""."|https://fimgs.net/mdimg/sastojci/t.337.jpg|https://fimgs.net/mdimg/sastojci/t2.337.jpg;https://fimgs.net/mdimg/sastojci/t3.337.jpg|https://fimgs.net/mdimg/sastojci/splash.337.jpg|1342|schwarze Johannisbeere|casis (grosellero negro)|Bourgeon de cassis|Černý rybíz|Ribes Nero|Лист черной смородины|Liść czarnej porzeczki|Cassis|μαύρο φραγκοστάφυλο|黑醋栗叶|スグリの葉とつぼみ|Cassis|List i pupoljak ribizle|coacaze|الكشمش الأسود|Листя Чорної Смородини|Үхрийн Нүдний Навч|커런트 잎과 꽃봉오리|Frenk üzümü yaprağı ve tomurcuğu|Vinbärsblad och knopp|קסיס|Cassis|Früchte, gemüse & nüsse|Frutas, vegetales y nueces|Notes fruitées à coque|Ovoce, zelenina a ořechy|Frutti, verdure e frutta secca|Фрукты, овощи и орехи|Owoce, warzywa i orzechy|Frutas, vegetais & nozes|Φρουτα, λαχανικα και ξηροι καρποι|水果，蔬菜和坚果类香调|フルーツ、野菜＆ナッツ|Fruit, groente & noten|Voće, povrće i oraščići|Fructe, legume & nuci|الفواكة و الخضروات و المكسرات|Фрукти, овочі та горіхи|Жимс, ногоо, самар|과일, 채소 및 견과류|Meyveler, sebzeler ve kuruyemişler|Frukt, grönsaker och nötter|פירות, ירקות ואגוזים|Gyümölcsök, zöldségek és diófélék
n1985|Cedar|https://www.fragrantica.com/notes/Cedar-41.html|||Woods and mosses|An soft woody note coming from either the Atlas Mountains (Morocco) or the Virginia (US) cedarwood. There are also many cedar-smelling synthetics in use.|https://fimgs.net/mdimg/sastojci/t.41.jpg|https://fimgs.net/mdimg/sastojci/t2.41.jpg;https://fimgs.net/mdimg/sastojci/t3.41.jpg|https://fimgs.net/mdimg/sastojci/splash.41.jpg|15332|Zeder|cedro|Cèdre|Cedr|Legno di Cedro|Кедр|Cedr|Cedro|Κέδρος|雪松|ヒマラヤスギ|Ceder|Kedar|cedru|خشب الأرز|Кедр|Хуш|잣나무|Sedir|Ceder|ארז|Cédrus|Hölzer & moose|Maderas y musgos|Bois et mousses|Dřeva a mechy|Legni e muschi|Деревья и мхи|Drewna i mchy|Madeiras & musgos|Ξυλα και βρυα|木质和苔藓类香调|ウッディ＆モス|Hout en mos|Drveće i mahovine|Lemn & muschi|الأخشاب و الطحالب|Дерева і мохи|Мод ба хөвд|우드 및 모스|Odunlar ve yosunlar|Trä och mossa|עצים ואזוב|Fák és mohák
n2003|Cinnamon|https://www.fragrantica.com/notes/Cinnamon-65.html|Cinnamomum verum||Spices|A sweet and warm, powdery tenacious spicy note.|https://fimgs.net/mdimg/sastojci/t.65.jpg|https://fimgs.net/mdimg/sastojci/t2.65.jpg;https://fimgs.net/mdimg/sastojci/t3.65.jpg|https://fimgs.net/mdimg/sastojci/splash.65.jpg|5616|Zimt|canela|Cannelle|Skořice|Cannella|Корица|Cynamon|Canela|Κανέλα|肉桂|シナモン|Kaneel|Cimet|scortisoara|القرفة|Кориця|Шанц|계피|Tarçın|Kanel|קינמון|Fahéj|Gewürze|Especias|Epices|Koření|Spezie|Пряности|Przyprawy|Especiarias|Μπαχαρικα|香料系香调|スパイス|Specerijen|Začini|Mirodenii|التوابل|Прянощі|Амтлагчууд|스파이스|Baharatlar|Kryddor|תבלינים|Fűszerek
n2011|Cloves|https://www.fragrantica.com/notes/Cloves-61.html|||Spices|A warm spicy note. Eugenol, eugenyl acetate and caryophyllene are, by and large, the main components of any essential oil obtained from the clove plant.|https://fimgs.net/mdimg/sastojci/t.61.jpg|https://fimgs.net/mdimg/sastojci/t2.61.jpg;https://fimgs.net/mdimg/sastojci/t3.61.jpg|https://fimgs.net/mdimg/sastojci/splash.61.jpg|1622|Gewürznelken|clavos de olor|Clou de girofle|Hřebíček|Chiodi di Garofano|Гвоздика (пряность)|Goździk (przyprawa)|Cravo-da-Índia|γαρίφαλο|丁香|クローブ|Kruidnagelen|Karanfilić|cuisoare|القرنفل|Гвоздика|Хатаасан Лиш|클로브|Karanfil|Kryddnejlika|צפורנים|Szegfűszeg|Gewürze|Especias|Epices|Koření|Spezie|Пряности|Przyprawy|Especiarias|Μπαχαρικα|香料系香调|スパイス|Specerijen|Začini|Mirodenii|التوابل|Прянощі|Амтлагчууд|스파이스|Baharatlar|Kryddor|תבלינים|Fűszerek
n2025|Cotton Candy|https://www.fragrantica.com/notes/Cotton-Candy-237.html|Methyl cyclopentenolone|candy floss, fair floss, spun sugar, barbe à papa|Sweets and gourmand smells|a note focused on ethyl maltol, sweet sugary sticky and powdery.|https://fimgs.net/mdimg/sastojci/t.237.jpg|https://fimgs.net/mdimg/sastojci/t2.237.jpg;https://fimgs.net/mdimg/sastojci/t3.237.jpg|https://fimgs.net/mdimg/sastojci/splash.237.jpg|457|Zuckerwatte|algodón de azúcar|Barbe à papa|Cukrová vata|Zucchero Filato|Сахарная вата|Wata cukrowa|Algodão-Doce|μαλλί της γριάς|棉花糖|綿菓子|Suikerspin|Šećerna vuna|vata de zahar|غزل البنات|Цукрова Вата|Хөвөн Чихэр|솜사탕|Pamuk şeker|Sockervadd|צמר גפן מתוק|Vattacukor|Naschwerk & gourmand|Aromas dulces y gourmand|Notes fruitées et gourmandes|Sladké a gurmánské vůně|Aromi dolci e gourmand|Сладкие и гурманские|Nuty słodkie i gourmand|Doces & cheiros gourmand|Γλυκες και gourmand μυρωδιες|糖果和美食类香调|スイーツ＆グルマン|Zoetigheden en gourmands|Slatki i gurmanski mirisi|Mirosuri dulci & gurmande|الحلوي و النكهات|Солодкі, гурманські запахи|Чихэрлэг ба гурманд үнэрүүд|달콤한 향 및 구어망드|Tatlilar ve gurme kokular|Sötsaker och gourmanddofter|ממתקים וריחות גורמאנד|Édességek és gourmand illatok
n2063|Fir Resin|https://www.fragrantica.com/notes/Fir-205.html|||Woods and mosses|Fir absolute is a sweet balsamic, aromatic green spicy fragrance.|https://fimgs.net/mdimg/sastojci/t.205.jpg|https://fimgs.net/mdimg/sastojci/t2.205.jpg;https://fimgs.net/mdimg/sastojci/t3.205.jpg|https://fimgs.net/mdimg/sastojci/splash.205.jpg|141|Tannenharz|resina de abeto|Résine de sapin|Jedlová pryskyřice|Resina di Abete|Еловая смола|Żywica jodłowa|Resina de Abeto|Ρετσίνη ελάτης|冷杉树脂|モミ|Sparhars|Jelova smola|rasina de brad|أصماغ التنوب|Смола Ялиці|Гацуурны Давирхай|전나무|Ladin|Gran|שרף אשוח|Fenyőgyanta|Hölzer & moose|Maderas y musgos|Bois et mousses|Dřeva a mechy|Legni e muschi|Деревья и мхи|Drewna i mchy|Madeiras & musgos|Ξυλα και βρυα|木质和苔藓类香调|ウッディ＆モス|Hout en mos|Drveće i mahovine|Lemn & muschi|الأخشاب و الطحالب|Дерева і мохи|Мод ба хөвд|우드 및 모스|Odunlar ve yosunlar|Trä och mossa|עצים ואזוב|Fák és mohák
n2073|Freesia|https://www.fragrantica.com/notes/Freesia-94.html|Freesia refracta||Flowers|A fresh spicy powdery floral note.|https://fimgs.net/mdimg/sastojci/t.94.jpg|https://fimgs.net/mdimg/sastojci/t2.94.jpg;https://fimgs.net/mdimg/sastojci/t3.94.jpg|https://fimgs.net/mdimg/sastojci/splash.94.jpg|3808|Freesie|fresia|Freesia|Frézie|Fresia|Фрезия|Frezja|Frésia|φρέζια|小苍兰|フリージア|Fresia|Bijela frezija|frezie|الفريزيا|Фрезія|Фрезия|프리지아|Frezya|Freesia|פרחי פריזיה|Frézia|Blumen|Flores|Fleurs|Květiny|Fiori|Цветы|Kwiaty|Flores|Λουλουδια|花香类香调|花|Bloemen|Cveće|Flori|الزهور|Квіти|Цэцэгсийн|플라워|Çiçekler|Blommor|פרחים|Virágok
n2092|Geranium|https://www.fragrantica.com/notes/Geranium-21.html|Pelargonium graveolens|pelargonium, rose geranium|Flowers|Leaves are distilled to give a full rosy nuance with green aromatic undertones.|https://fimgs.net/mdimg/sastojci/t.21.jpg|https://fimgs.net/mdimg/sastojci/t2.21.jpg;https://fimgs.net/mdimg/sastojci/t3.21.jpg|https://fimgs.net/mdimg/sastojci/splash.21.jpg|5826|Geranie|geranio|Géranium|Pelargónie|Geranio|Герань|Geranium|Gerânio|Γεράνι|天竺葵|ゼラニウム|Geranium|Geranijum|muscata|إبره الراعي|Герань|Шимтэглээ Цэцэг|제라늄|Sardunya|Pelargon|גרניום|Muskátli|Blumen|Flores|Fleurs|Květiny|Fiori|Цветы|Kwiaty|Flores|Λουλουδια|花香类香调|花|Bloemen|Cveće|Flori|الزهور|Квіти|Цэцэгсийн|플라워|Çiçekler|Blommor|פרחים|Virágok
n2100|Grapefruit|https://www.fragrantica.com/notes/Grapefruit-76.html||Pamplemousse|Citrus smells|"A bitter aromatic citrus scent with a ""dirty"" undertone reminiscent of black currant."|https://fimgs.net/mdimg/sastojci/t.76.jpg|https://fimgs.net/mdimg/sastojci/t2.76.jpg;https://fimgs.net/mdimg/sastojci/t3.76.jpg|https://fimgs.net/mdimg/sastojci/splash.76.jpg|6690|Grapefruit|toronja (pomelo)|Pamplemousse|Grapefruit|Pompelmo|Грейпфрут|Grejpfrut|Toranja|γκρειπ φρουτ|葡萄柚|グレープフルーツ|Grapefruit|Grejpfrut|grapefruit|الجريب فروت|Грейпфрут|Грейпфрут|자몽|Greyfurt|Grapefrukt|אשכולית|Grépfrút|Zitrusfrüchte|Aromas cítricos|Notes hespéridées|Citrusové vůně|Agrumi|Цитрусовые|Cytrusy|Cheiros cítricos|Μυρωδιες εσπεριδοειδων|柑橘类香调|柑橘系|Citrus geuren|Citrusi|Mirosuri citrice|الموالح و الحمضيات|Цитрусові|Цитруслэг үнэр|시트러스 향|Narenciye kokulari|Citrusdofter|ריחות הדר|Citrusos illatok
n2106|Green Apple|https://www.fragrantica.com/notes/Apple-146.html|||Fruits, vegetables and nuts|A fresh mouthwatering fruity note, sweet or green and sour.|https://fimgs.net/mdimg/sastojci/t.146.jpg|https://fimgs.net/mdimg/sastojci/t2.146.jpg;https://fimgs.net/mdimg/sastojci/t3.146.jpg|https://fimgs.net/mdimg/sastojci/splash.146.jpg|1101|grüner Apfel|manzana verde|Pomme verte|Zelené jablko|Mela Verde|Зеленое яблоко|Zielone Jabłko|Maçã Verde|Πράσινο Μήλο|青苹果|リンゴ|Groene appel|Zelena jabuka|mar verde|التفاح الأخضر|Зелене Яблуко|Ногоон Алим|사과|Elma|Äpple|תפוח ירוק|Zöldalma|Früchte, gemüse & nüsse|Frutas, vegetales y nueces|Notes fruitées à coque|Ovoce, zelenina a ořechy|Frutti, verdure e frutta secca|Фрукты, овощи и орехи|Owoce, warzywa i orzechy|Frutas, vegetais & nozes|Φρουτα, λαχανικα και ξηροι καρποι|水果，蔬菜和坚果类香调|フルーツ、野菜＆ナッツ|Fruit, groente & noten|Voće, povrće i oraščići|Fructe, legume & nuci|الفواكة و الخضروات و المكسرات|Фрукти, овочі та горіхи|Жимс, ногоо, самар|과일, 채소 및 견과류|Meyveler, sebzeler ve kuruyemişler|Frukt, grönsaker och nötter|פירות, ירקות ואגוזים|Gyümölcsök, zöldségek és diófélék
n2115|Green Notes|https://www.fragrantica.com/notes/Green-Notes-318.html|||Greens, herbs and fougeres|A generic term for notes that evoke snapped leaves, foliage, green vegetal scents.|https://fimgs.net/mdimg/sastojci/t.318.jpg|https://fimgs.net/mdimg/sastojci/t2.318.jpg;https://fimgs.net/mdimg/sastojci/t3.318.jpg|https://fimgs.net/mdimg/sastojci/splash.318.jpg|3108|grüne Noten|notas verdes|Notes vertes|Zelené tóny|Note Verdi|Зеленые ноты|Nuty zielone|Notas Verdes|νότες πρασίνου|绿色元素|グリーンノート|Groene noten|Zelene note|note verzi|النوتات الخضراء|Зелені ноти|Ногоон Ноотууд|녹색 노트|Yeşil Notalar|Gröna noter|תמצית ירוקה|Zöld jegyek|Grüne noten, kräuter & fougere-noten|Verdes, herbales y fougères|Notes vertes, herbacées et fougères|Zeleň, bylinky a kapradiny|Note verdi, erbe e fougere|Зеленые, травянистые, фужерные|Zieleń, zioła i fougere|Verdes, ervas & fougères|Πρασινα,βοτανα και φουζερ|绿色，本草和森林类香调|グリーン、ハーブ＆フゼア|Groene bladeren, kruiden en varens|Zelene komponente, bilje i paprat|Plante verzi, ierburi & fougeres|النباتات العشبيه(الجرين) و الأعشاب و الطحالب|Зелені, трав'яні та фужерні аромати|Ногоон, өвслөг, фюжер|그린, 허브 및 푸제르|Yeşi̇lli̇kler, otsi̇ notalar ve fougereler|Grönt, örter och fougères|הירוקים, עשבי תיבול ושרך|Zöldek, fűszernövények és fougère-ek
n2118|Green Tea|https://www.fragrantica.com/notes/Tea-106.html|Camellia sinensis||Greens, herbs and fougeres|A sweet herbaceous green fragrance.|https://fimgs.net/mdimg/sastojci/t.106.jpg|https://fimgs.net/mdimg/sastojci/t2.106.jpg;https://fimgs.net/mdimg/sastojci/t3.106.jpg|https://fimgs.net/mdimg/sastojci/splash.106.jpg|925|grüner Tee|té verde|Thé vert|Zelený čaj|Tè Verde|Зеленый чай|Zielona herbata|Chá Verde|πράσινο τσάι|绿茶|緑茶|Groene thee|Zeleni čaj|ceai verde|الشاي الأخضر|Зелений Чай|Ногоон Цай|차|Çay|Te|תה ירוק|Zöld tea|Grüne noten, kräuter & fougere-noten|Verdes, herbales y fougères|Notes vertes, herbacées et fougères|Zeleň, bylinky a kapradiny|Note verdi, erbe e fougere|Зеленые, травянистые, фужерные|Zieleń, zioła i fougere|Verdes, ervas & fougères|Πρασινα,βοτανα και φουζερ|绿色，本草和森林类香调|グリーン、ハーブ＆フゼア|Groene bladeren, kruiden en varens|Zelene komponente, bilje i paprat|Plante verzi, ierburi & fougeres|النباتات العشبيه(الجرين) و الأعشاب و الطحالب|Зелені, трав'яні та фужерні аромати|Ногоон, өвслөг, фюжер|그린, 허브 및 푸제르|Yeşi̇lli̇kler, otsi̇ notalar ve fougereler|Grönt, örter och fougères|הירוקים, עשבי תיבול ושרך|Zöldek, fűszernövények és fougère-ek
n2119|Guaiac Wood|https://www.fragrantica.com/notes/Guaiac-Wood-36.html||Palo Santo, Palo Balsamo|Woods and mosses|Depends on the specific material the scent varies from sweet balsamic vanilla-like to woody smoky, leathery, tar-like.|https://fimgs.net/mdimg/sastojci/t.36.jpg|https://fimgs.net/mdimg/sastojci/t2.36.jpg;https://fimgs.net/mdimg/sastojci/t3.36.jpg|https://fimgs.net/mdimg/sastojci/splash.36.jpg|2808|Guajakholz|madera de gaiac|Gaïac|Guajakové dřevo|Legno di Guaiaco|Гваяк|Drzewo gwajakowe|Madeira Guaiac|ξύλο γκουαϊακ|愈创木|グアヤクウッド|Guaiac hout|Gvajak drvo|lemn de guaiac|أخشاب الغاياك|Дерево Гуаяк|Гваяк Мод|과이악 나무|Guayak ağacı|Guajakträ|עץ גואיאק|Guajakfa|Hölzer & moose|Maderas y musgos|Bois et mousses|Dřeva a mechy|Legni e muschi|Деревья и мхи|Drewna i mchy|Madeiras & musgos|Ξυλα και βρυα|木质和苔藓类香调|ウッディ＆モス|Hout en mos|Drveće i mahovine|Lemn & muschi|الأخشاب و الطحالب|Дерева і мохи|Мод ба хөвд|우드 및 모스|Odunlar ve yosunlar|Trä och mossa|עצים ואזוב|Fák és mohák
n2135|Honey|https://www.fragrantica.com/notes/Honey-181.html|||Sweets and gourmand smells|A sweet, gourmand scent with animalic and powdery floral nuances.|https://fimgs.net/mdimg/sastojci/t.181.jpg|https://fimgs.net/mdimg/sastojci/t2.181.jpg;https://fimgs.net/mdimg/sastojci/t3.181.jpg|https://fimgs.net/mdimg/sastojci/splash.181.jpg|2774|Honig|miel|Miel|Med|Miele|Мед|Miód|Mel|μέλι|蜂蜜|はちみつ|Honing|Med|miere|العسل|Мед|Зөгийн Бал|꿀|Bal|Honung|דבש|Méz|Naschwerk & gourmand|Aromas dulces y gourmand|Notes fruitées et gourmandes|Sladké a gurmánské vůně|Aromi dolci e gourmand|Сладкие и гурманские|Nuty słodkie i gourmand|Doces & cheiros gourmand|Γλυκες και gourmand μυρωδιες|糖果和美食类香调|スイーツ＆グルマン|Zoetigheden en gourmands|Slatki i gurmanski mirisi|Mirosuri dulci & gurmande|الحلوي و النكهات|Солодкі, гурманські запахи|Чихэрлэг ба гурманд үнэрүүд|달콤한 향 및 구어망드|Tatlilar ve gurme kokular|Sötsaker och gourmanddofter|ממתקים וריחות גורמאנד|Édességek és gourmand illatok
n2148|Indian Patchouli|https://www.fragrantica.com/notes/Patchouli-34.html|Mentha cablin||Woods and mosses|An exotic bush that grows mainly in India, the leaves of which produce the essential oil of patchouli. Sweet, dark, with an earthy, woody edge, it is very popular in many blends, especially the contemporary woody floral musks. There are also synthetics and fractal extractions.|https://fimgs.net/mdimg/sastojci/t.34.jpg|https://fimgs.net/mdimg/sastojci/t2.34.jpg;https://fimgs.net/mdimg/sastojci/t3.34.jpg|https://fimgs.net/mdimg/sastojci/splash.34.jpg|75|indisches Patschuli|pachulí hindú|Patchouli d'Inde|Indické pačuli|Patchouli Indiano|Пачули из Индии|Indyjska paczula|Patchouli Indiano|ινδικό πατσουλί|印度广藿香|インドパチョリ|Indiase Patchouli|Indijski pačuli|paciuli indian|الباتشولي الهندي|Індійські Пачулі|Энэтхэг Пачули|인도 패츌리|Hint paçuli|Indisk patchouli|פצ'ולי הודי|Indiai pacsuli|Hölzer & moose|Maderas y musgos|Bois et mousses|Dřeva a mechy|Legni e muschi|Деревья и мхи|Drewna i mchy|Madeiras & musgos|Ξυλα και βρυα|木质和苔藓类香调|ウッディ＆モス|Hout en mos|Drveće i mahovine|Lemn & muschi|الأخشاب و الطحالب|Дерева і мохи|Мод ба хөвд|우드 및 모스|Odunlar ve yosunlar|Trä och mossa|עצים ואזוב|Fák és mohák
n2185|Jasmine|https://www.fragrantica.com/notes/Jasmine-14.html|Jasminum officinale||White flowers|Sweet, white floral, opulent, can be more indolic or greener and fresher when synthesized in the lab.|https://fimgs.net/mdimg/sastojci/t.14.jpg|https://fimgs.net/mdimg/sastojci/t2.14.jpg;https://fimgs.net/mdimg/sastojci/t3.14.jpg|https://fimgs.net/mdimg/sastojci/splash.14.jpg|23096|Jasmin|jazmín|Jasmin|Jasmín|Gelsomino|Жасмин|Jaśmin|Jasmim|γιασεμί|茉莉|ジャスミン|Jasmijn|Jasmin|iasomie|الياسمين|Жасмин|Мэлрэг|자스민|Yasemin|Jasmin|יסמין|Jázmin|Weisse blüten|Flores blancas|Fleurs blanches|Bílé květy|Fiori bianchi|Белые цветы|Białe kwiaty|Flores brancas|Λευκα ανθη|白色花系香调|ホワイトフローラル|Witte bloemen|Belo cveće|Flori albe|الزهور البيضاء|Білі квіти|Цагаан цэцэгсийн|화이트 플라워|Beyaz çi̇çekler|Vita blommor|פרחים לבנים|Fehér virágok
n2197|Lavender|https://www.fragrantica.com/notes/Lavender-1.html|||Flowers|An aromatic floral clean note, with green, fresh spicy, licorice facets.|https://fimgs.net/mdimg/sastojci/t.1.jpg|https://fimgs.net/mdimg/sastojci/t2.1.jpg;https://fimgs.net/mdimg/sastojci/t3.1.jpg|https://fimgs.net/mdimg/sastojci/splash.1.jpg|8990|Lavendel|lavanda|Lavande|Levandule|Lavanda|Лаванда|Lawenda|Lavanda|λεβάντα|薰衣草|ラベンダー|Lavendel|Lavanda|lavanda|الخزامي|Лаванда|Лаванда|라벤더|Lavanta|Lavendel|לבנדר|Levendula|Blumen|Flores|Fleurs|Květiny|Fiori|Цветы|Kwiaty|Flores|Λουλουδια|花香类香调|花|Bloemen|Cveće|Flori|الزهور|Квіти|Цэцэгсийн|플라워|Çiçekler|Blommor|פרחים|Virágok
n2199|Lemon|https://www.fragrantica.com/notes/Lemon-77.html|||Citrus smells|astringent, sour, sweet undertone, aromatic nuance, bright, cheerful & vibrant.|https://fimgs.net/mdimg/sastojci/t.77.jpg|https://fimgs.net/mdimg/sastojci/t2.77.jpg;https://fimgs.net/mdimg/sastojci/t3.77.jpg|https://fimgs.net/mdimg/sastojci/splash.77.jpg|10060|Zitrone|limón (lima ácida)|Citron|Citrón|Limone|Лимон|Cytryna|Limão|λεμόνι|柠檬|レモン|Citroen|Limun|lamaie|الليمون|Лимон|Нимбэг|레몬|Limon|Citron|לימון|Citrom|Zitrusfrüchte|Aromas cítricos|Notes hespéridées|Citrusové vůně|Agrumi|Цитрусовые|Cytrusy|Cheiros cítricos|Μυρωδιες εσπεριδοειδων|柑橘类香调|柑橘系|Citrus geuren|Citrusi|Mirosuri citrice|الموالح و الحمضيات|Цитрусові|Цитруслэг үнэр|시트러스 향|Narenciye kokulari|Citrusdofter|ריחות הדר|Citrusos illatok
n2209|Lily-of-the-Valley|https://www.fragrantica.com/notes/Lily-of-the-Valley-109.html||Muguet|Flowers|A green white floral note with soapy, sweet jasmine-like nuances.|https://fimgs.net/mdimg/sastojci/t.109.jpg|https://fimgs.net/mdimg/sastojci/t2.109.jpg;https://fimgs.net/mdimg/sastojci/t3.109.jpg|https://fimgs.net/mdimg/sastojci/splash.109.jpg|4958|Maiglöckchen|lirio de los valles (muguete)|Muguet|Konvalinka|Mughetto|Ландыш|Konwalia|Lírio-do-Vale|κρίνο της κοιλάδας|铃兰|スズラン|Lelietje-van-dalen|Đurđevak|lacramioare|زنابق الوادي|Конвалія|Хөндийн Сараана|감람|Müge|Liljekonvalj|שושנת העמקים|Gyöngyvirág|Blumen|Flores|Fleurs|Květiny|Fiori|Цветы|Kwiaty|Flores|Λουλουδια|花香类香调|花|Bloemen|Cveće|Flori|الزهور|Квіти|Цэцэгсийн|플라워|Çiçekler|Blommor|פרחים|Virágok
n2217|Lotus|https://www.fragrantica.com/notes/Lotus-27.html|||Flowers|An aquatic floral note, light and airy.|https://fimgs.net/mdimg/sastojci/t.27.jpg|https://fimgs.net/mdimg/sastojci/t2.27.jpg;https://fimgs.net/mdimg/sastojci/t3.27.jpg|https://fimgs.net/mdimg/sastojci/splash.27.jpg|1218|Lotus|flor de loto|Lotus|Lotus|Loto|Лотос|Lotos|Lótus|Λωτός|荷花|蓮|Lotus|Lotus|lotus|اللوتس|Лотос|Бадамлянхуа|연꽃|Lotus|Lotus|לוטוס|Lótusz|Blumen|Flores|Fleurs|Květiny|Fiori|Цветы|Kwiaty|Flores|Λουλουδια|花香类香调|花|Bloemen|Cveće|Flori|الزهور|Квіти|Цэцэгсийн|플라워|Çiçekler|Blommor|פרחים|Virágok
n2224|Madagascar Vanilla|https://www.fragrantica.com/notes/Vanilla-74.html|||Spices||https://fimgs.net/mdimg/sastojci/t.74.jpg|https://fimgs.net/mdimg/sastojci/t2.74.jpg;https://fimgs.net/mdimg/sastojci/t3.74.jpg|https://fimgs.net/mdimg/sastojci/splash.74.jpg|979|Vanille aus Madagaskar|vainilla de Madagascar|Vanille de Madagascar|Madagaskarská vanilka|Vaniglia del Madagascar|Мадагаскарская ваниль|Madagaskarska wanilia|Baunilha de Madagascar|Βανίλια Μαδαγασκάρης|马达加斯加香草|バニラ|Madagascar Vanille|vanilija sa Madagaskara|vanilie de Madagascar|فانيليا مدغشقر|Мадагаскарська Ваніль|Мадагаскар Ваниль|바닐라|Vanilya|Vanilj|וניל ממדגסקר|Madagaszkári vanília|Gewürze|Especias|Epices|Koření|Spezie|Пряности|Przyprawy|Especiarias|Μπαχαρικα|香料系香调|スパイス|Specerijen|Začini|Mirodenii|التوابل|Прянощі|Амтлагчууд|스파이스|Baharatlar|Kryddor|תבלינים|Fűszerek
n2227|Mahogany|https://www.fragrantica.com/notes/Mahogany-43.html|||Woods and mosses||https://fimgs.net/mdimg/sastojci/t.43.jpg|https://fimgs.net/mdimg/sastojci/t2.43.jpg;https://fimgs.net/mdimg/sastojci/t3.43.jpg|https://fimgs.net/himg/o.88671.jpg|273|Mahagoni|caoba|Acajou|Mahagon|Mogano|Махагони|Mahoń|Mogno|Μαόνι|桃花心木|マホガニー|Mahoniehout|Mahagonij|lemn de mahon|أخشاب الماهوجني|Махагоні|Улаан Мод|마호가니|Maun|Mahogny|עץ מהגוני|Mahagóni|Hölzer & moose|Maderas y musgos|Bois et mousses|Dřeva a mechy|Legni e muschi|Деревья и мхи|Drewna i mchy|Madeiras & musgos|Ξυλα και βρυα|木质和苔藓类香调|ウッディ＆モス|Hout en mos|Drveće i mahovine|Lemn & muschi|الأخشاب و الطحالب|Дерева і мохи|Мод ба хөвд|우드 및 모스|Odunlar ve yosunlar|Trä och mossa|עצים ואזוב|Fák és mohák
n2232|Mandarin Orange|https://www.fragrantica.com/notes/Mandarin-Orange-82.html|Citrus reticulate|Mandarin, Mandarine|Citrus smells|A sweet hesperidic, juicy, honeyed note.|https://fimgs.net/mdimg/sastojci/t.82.jpg|https://fimgs.net/mdimg/sastojci/t2.82.jpg;https://fimgs.net/mdimg/sastojci/t3.82.jpg|https://fimgs.net/mdimg/sastojci/splash.82.jpg|7858|Mandarinorange|mandarina|Mandarine|Mandarinka|Mandarino|Мандарин|Mandarynka|Mandarina|Μανταρίνι|橘子|ミカン|Mandarijn|Mandarina|mandarina|الماندرين (اليوسفي)|Мандарин|Мандарин|귤|Mandarin|Mandarin|מנדרינה|Mandarin|Zitrusfrüchte|Aromas cítricos|Notes hespéridées|Citrusové vůně|Agrumi|Цитрусовые|Cytrusy|Cheiros cítricos|Μυρωδιες εσπεριδοειδων|柑橘类香调|柑橘系|Citrus geuren|Citrusi|Mirosuri citrice|الموالح و الحمضيات|Цитрусові|Цитруслэг үнэр|시트러스 향|Narenciye kokulari|Citrusdofter|ריחות הדר|Citrusos illatok
n2242|Melon|https://www.fragrantica.com/notes/Melon-172.html|||Fruits, vegetables and nuts|A fresh and sweet fruity aquatic note, usually attributed to Calone, a popular lab synthetic popularized in the 1990s.|https://fimgs.net/mdimg/sastojci/t.172.jpg|https://fimgs.net/mdimg/sastojci/t2.172.jpg;https://fimgs.net/mdimg/sastojci/t3.172.jpg|https://fimgs.net/mdimg/sastojci/splash.172.jpg|1279|Melone|melón|Melon|Meloun|Melone|Дыня|Melon|Melão|πεπόνι|甜瓜|メロン|Meloen|Dinja|pepene|شمام|Диня|Амтат Гуа|멜론|Kavun|Melon|מלון|Sárgadinnye|Früchte, gemüse & nüsse|Frutas, vegetales y nueces|Notes fruitées à coque|Ovoce, zelenina a ořechy|Frutti, verdure e frutta secca|Фрукты, овощи и орехи|Owoce, warzywa i orzechy|Frutas, vegetais & nozes|Φρουτα, λαχανικα και ξηροι καρποι|水果，蔬菜和坚果类香调|フルーツ、野菜＆ナッツ|Fruit, groente & noten|Voće, povrće i oraščići|Fructe, legume & nuci|الفواكة و الخضروات و المكسرات|Фрукти, овочі та горіхи|Жимс, ногоо, самар|과일, 채소 및 견과류|Meyveler, sebzeler ve kuruyemişler|Frukt, grönsaker och nötter|פירות, ירקות ואגוזים|Gyümölcsök, zöldségek és diófélék
n2260|Musk|https://www.fragrantica.com/notes/Musk-4.html|Angelica archangelica||Musk, amber, animalic smells|There is a wide variety of sources for musk smelling materials, including synthetic musks and natural ones, mainly obtained from plants, since deer musk is forbidden to obtain and sell. The musk is a secretion inside an internal pouch on the abdomen of the male deer. In order to get it, you have to kill the deer.|https://fimgs.net/mdimg/sastojci/t.4.jpg|https://fimgs.net/mdimg/sastojci/t2.4.jpg;https://fimgs.net/mdimg/sastojci/t3.4.jpg|https://fimgs.net/mdimg/sastojci/splash.4.jpg|33902|Moschus|almizcle|Musc|Pižmo|Muschio|Мускус|Piżmo|Almíscar|Μόσχος|麝香|ムスク|Muskus|Mošus|mosc|المسك|Мускус|Заар|머스크|Misk|Musk|מושק|Pézsma|Moschus, ambra, animalische düfte|Almizcle, ámbar, aromas animálicos|Musc, ambre, odeurs animales|Pižmo, jantar, zvířecí vůně|Muschio animale, ambra, sentori animali|Анималистические ноты|Piżmo, ambra, nuty zwierzęce|Almíscar, âmbar, cheiros animálicos|Μοσχος,κεχριμπαρι και ζωωδεις μυρωδιες|麝香，龙涎香，动物类气味香调|ムスク、アンバー、アニマリック|Musk, amber, dierlijke geuren|Mošus, amber i životinjske komponente|Mosc, ambra, mirosuri animalice|المسك، العنبر، و المكونات ذات الأصل الحيواني|Мускус, амбра, анімалістичні ноти|Заар, хув, амьтанлаг үнэрүүд|머스크, 앰버, 애니멀릭 향|Misk, amber, ani̇mali̇k kokular|Mysk, ambra, animaliska dofter|מושק, ענבר, וריחות חייתיים|Pézsma, ambra, állatias illatok
n2278|Nutmeg|https://www.fragrantica.com/notes/Nutmeg-59.html|||Spices|It is a fruit of Myristica fragrans, it has a spicy sweet facet with earthy and pungent base notes, and is used to provide an oriental spiciness that is subtler than the usual cinnamon-clove-vanilla bouquet of orientals, thus perfect for masculine and lighter woody fragrances. Notable example is Fahrenheit by Dior and Vetiver Sport by Guerlain.|https://fimgs.net/mdimg/sastojci/t.59.jpg|https://fimgs.net/mdimg/sastojci/t2.59.jpg;https://fimgs.net/mdimg/sastojci/t3.59.jpg|https://fimgs.net/mdimg/sastojci/splash.59.jpg|4398|Muskat|nuez moscada|Noix de muscade|Muškátový oříšek|Noce Moscata|Мускатный орех|Gałka muszkatołowa|Noz-moscada|μοσχοκάρυδο|肉豆蔻核仁|ナツメグ|Nootmuskaat|Muškatni orah|nucsoara|جوزه الطيب|Мускатний Горіх|Задь|넛맥|Muskat|Muskot|מוסקט|Szerecsendió|Gewürze|Especias|Epices|Koření|Spezie|Пряности|Przyprawy|Especiarias|Μπαχαρικα|香料系香调|スパイス|Specerijen|Začini|Mirodenii|التوابل|Прянощі|Амтлагчууд|스파이스|Baharatlar|Kryddor|תבלינים|Fűszerek
n2281|Oakmoss|https://www.fragrantica.com/notes/Oakmoss-39.html|Evernia prunastri|Mousse de Chene, treemoss|Woods and mosses|An inky, bitter-smelling forest floor evocative, prized essence coming from the lichen that grows on oak trees in Europe (harvested in the Balkans). Nowadays severely restricted under skin sensitization concerns, it is nevertheless an essential part of chypre fragrances and fougère fragrances.|https://fimgs.net/mdimg/sastojci/t.39.jpg|https://fimgs.net/mdimg/sastojci/t2.39.jpg;https://fimgs.net/mdimg/sastojci/t3.39.jpg|https://fimgs.net/mdimg/sastojci/splash.39.jpg|6135|Eichenmoos|musgo de roble|Mousse de chêne|Dubový mech|Muschio di Quercia|Дубовый мох|Mech dębowy|Musgo de Carvalho|βρύα δρυός|橡苔|オークモス|Eikenmos|Mahovina|lichen|طحلب البلوط (طحلب السنديان)|Дубовий Мох|Царсны Хөвд|참나무 이끼|Meşe yosunu|Ekmossa|אזוב אלון|Tölgyfazuzmó|Hölzer & moose|Maderas y musgos|Bois et mousses|Dřeva a mechy|Legni e muschi|Деревья и мхи|Drewna i mchy|Madeiras & musgos|Ξυλα και βρυα|木质和苔藓类香调|ウッディ＆モス|Hout en mos|Drveće i mahovine|Lemn & muschi|الأخشاب و الطحالب|Дерева і мохи|Мод ба хөвд|우드 및 모스|Odunlar ve yosunlar|Trä och mossa|עצים ואזוב|Fák és mohák
n2284|Orange|https://www.fragrantica.com/notes/Orange-80.html||Sweet Orange|Citrus smells|A sweet citrus note, somewhat between mandarin and pomelo, a small facet of astringency.|https://fimgs.net/mdimg/sastojci/t.80.jpg|https://fimgs.net/mdimg/sastojci/t2.80.jpg;https://fimgs.net/mdimg/sastojci/t3.80.jpg|https://fimgs.net/mdimg/sastojci/splash.80.jpg|5524|Orange|naranja|Orange|Pomeranč|Arancia|Апельсин|Pomarańcza|Laranja|πορτοκάλι|橙|オレンジ|Sinaasappel|Narandža|portocala|البرتقال|Апельсин|Жүрж|오렌지|Portakal|Apelsin|תפוז|Narancs|Zitrusfrüchte|Aromas cítricos|Notes hespéridées|Citrusové vůně|Agrumi|Цитрусовые|Cytrusy|Cheiros cítricos|Μυρωδιες εσπεριδοειδων|柑橘类香调|柑橘系|Citrus geuren|Citrusi|Mirosuri citrice|الموالح و الحمضيات|Цитрусові|Цитруслэг үнэр|시트러스 향|Narenciye kokulari|Citrusdofter|ריחות הדר|Citrusos illatok
n2285|Orange Blossom|https://www.fragrantica.com/notes/Orange-Blossom-16.html|Citrus aurantium||White flowers|A fresh and sweet white floral note with an animalic undertone.|https://fimgs.net/mdimg/sastojci/t.16.jpg|https://fimgs.net/mdimg/sastojci/t2.16.jpg;https://fimgs.net/mdimg/sastojci/t3.16.jpg|https://fimgs.net/mdimg/sastojci/splash.16.jpg|7930|Orangenblüte|flor de azahar del naranjo|Fleur d'oranger|Pomerančový květ|Fiore d'Arancio|Цветок апельсина|Kwiat pomarańczy|Flor de Laranjeira|άνθη πορτοκαλιάς|橙子花|オレンジの花|Oranjebloesem|Cvijet narandže|floare de portocal|زهر البرتقال|Апельсиновий Цвіт|Жүржийн Цэцэг|오렌지 꽃|Portakal çiçeği|Apelsinblomma|פריחת התפוז|Narancsvirág|Weisse blüten|Flores blancas|Fleurs blanches|Bílé květy|Fiori bianchi|Белые цветы|Białe kwiaty|Flores brancas|Λευκα ανθη|白色花系香调|ホワイトフローラル|Witte bloemen|Belo cveće|Flori albe|الزهور البيضاء|Білі квіти|Цагаан цэцэгсийн|화이트 플라워|Beyaz çi̇çekler|Vita blommor|פרחים לבנים|Fehér virágok
n2292|Orchid|https://www.fragrantica.com/notes/Orchid-154.html|||Flowers|Usually a fantasy synthetic floral note.|https://fimgs.net/mdimg/sastojci/t.154.jpg|https://fimgs.net/mdimg/sastojci/t2.154.jpg;https://fimgs.net/mdimg/sastojci/t3.154.jpg|https://fimgs.net/mdimg/sastojci/splash.154.jpg|1931|Orchidee|orquídea|Orchidée|Orchidej|Orchidea|Орхидея|Orchidea|Orquídea|ορχιδέα|兰花|蘭|Orchidee|Orhideja|orhidee|الأوركيد|Орхідея|Цахирмаа|난초|Orkide|Orkidé|סחלב|Orkidea|Blumen|Flores|Fleurs|Květiny|Fiori|Цветы|Kwiaty|Flores|Λουλουδια|花香类香调|花|Bloemen|Cveće|Flori|الزهور|Квіти|Цэцэгсийн|플라워|Çiçekler|Blommor|פרחים|Virágok
n2295|Orris Root|https://www.fragrantica.com/notes/Orris-Root-101.html|||Flowers|A powdery earthy rooty scent, with woody, violet flower nuances.|https://fimgs.net/mdimg/sastojci/t.101.jpg|https://fimgs.net/mdimg/sastojci/t2.101.jpg|https://fimgs.net/mdimg/sastojci/splash.101.jpg|1558|Iriswurzel|raíz de lirio|Racine d'iris|Kořen kosatce|Rizoma di Iris|Корень ириса|Korzeń irysa|Raíz de Orris|ρίζωμα ίριδας|鸢尾根|オリス根|Orris wortel (Iris Germanica)|Korijen irisa|radacina de stanjenel|جذور السوسن|Корінь Ірису|Цахилдагын Үндэс|오리스 뿌리|Orris kökü|Irisrot|שורש אוריס|Íriszgyökér|Blumen|Flores|Fleurs|Květiny|Fiori|Цветы|Kwiaty|Flores|Λουλουδια|花香类香调|花|Bloemen|Cveće|Flori|الزهور|Квіти|Цэцэгсийн|플라워|Çiçekler|Blommor|פרחים|Virágok
n2304|Patchouli|https://www.fragrantica.com/notes/Patchouli-34.html|Mentha cablin||Woods and mosses|An exotic bush that grows mainly in India, the leaves of which produce the essential oil of patchouli. Sweet, dark, with an earthy, woody edge, it is very popular in many blends, especially the contemporary woody floral musks. There are also synthetics and fractal extractions.|https://fimgs.net/mdimg/sastojci/t.34.jpg|https://fimgs.net/mdimg/sastojci/t2.34.jpg;https://fimgs.net/mdimg/sastojci/t3.34.jpg|https://fimgs.net/mdimg/sastojci/splash.34.jpg|22480|Patschuli|pachulí|Patchouli|Pačuli|Patchouli|Пачули|Paczula|Patchouli|πατσουλί|广藿香|パチョリ|Patchouli|Pačuli|paciuli|الباتشولي|Пачулі|Пачули|파추리|Paçuli|Patchouli|פצ'ולי|Pacsuli|Hölzer & moose|Maderas y musgos|Bois et mousses|Dřeva a mechy|Legni e muschi|Деревья и мхи|Drewna i mchy|Madeiras & musgos|Ξυλα και βρυα|木质和苔藓类香调|ウッディ＆モス|Hout en mos|Drveće i mahovine|Lemn & muschi|الأخشاب و الطحالب|Дерева і мохи|Мод ба хөвд|우드 및 모스|Odunlar ve yosunlar|Trä och mossa|עצים ואזוב|Fák és mohák
n2307|Pelargonium|https://www.fragrantica.com/notes/Pelargonium-287.html|||Flowers|the same as geranium. A green aromatic rose fragrance. Extracted from leaves and young twigs.|https://fimgs.net/mdimg/sastojci/t.287.jpg|https://fimgs.net/mdimg/sastojci/t2.287.jpg;https://fimgs.net/mdimg/sastojci/t3.287.jpg|https://fimgs.net/mdimg/sastojci/splash.287.jpg|53|Pelargonie|pelargonio|Pélargonium|Pelargonie|Pelargonio|Пеларгония|Pelargonia|Pelargônio|πελαργόνιο|天竺葵|ペラルゴニウム|Pelargonium|Pelargonija|muscata|اللقلقي|Пеларгонія|Шимтэглээ|펠라르고늄|Sardunya|Pelargon|פלרגוניום|Pelargónia|Blumen|Flores|Fleurs|Květiny|Fiori|Цветы|Kwiaty|Flores|Λουλουδια|花香类香调|花|Bloemen|Cveće|Flori|الزهور|Квіти|Цэцэгсийн|플라워|Çiçekler|Blommor|פרחים|Virágok
n2310|Pepper|https://www.fragrantica.com/notes/Pepper-158.html|||Spices|A hot and bracing note, short-lived and earthy spice, rendered through steam distillation of the berries of the piper negrum bush, which is very popular as a bright accent top note in fragrances. Featured prominently in Piper Negrum by L.Villoresi.|https://fimgs.net/mdimg/sastojci/t.158.jpg|https://fimgs.net/mdimg/sastojci/t2.158.jpg;https://fimgs.net/mdimg/sastojci/t3.158.jpg|https://fimgs.net/mdimg/sastojci/splash.158.jpg|2945|Pfeffer|pimienta|Poivre|Pepř|Pepe|Перец|Pieprz|Pimenta|πιπέρι|胡椒|こしょう|Peper|Biber|piper|الفلفل|Перець|Перец|고추|Biber|Peppar|פלפל|Bors|Gewürze|Especias|Epices|Koření|Spezie|Пряности|Przyprawy|Especiarias|Μπαχαρικα|香料系香调|スパイス|Specerijen|Začini|Mirodenii|التوابل|Прянощі|Амтлагчууд|스파이스|Baharatlar|Kryddor|תבלינים|Fűszerek
n2330|Pink Pepper|https://www.fragrantica.com/notes/Pink-Pepper-91.html|Schinus molle|pink peppercorn, baies roses, poivre rosé, faux poivre|Spices|A fresh spicy floral and herbal top note with rosy nuance.|https://fimgs.net/mdimg/sastojci/t.91.jpg|https://fimgs.net/mdimg/sastojci/t2.91.jpg;https://fimgs.net/mdimg/sastojci/t3.91.jpg|https://fimgs.net/mdimg/sastojci/splash.91.jpg|7338|Rosa Pfeffer|pimienta rosa|Poivre rose|Růžový pepř|Pepe Rosa|Розовый перец|Różowy pieprz|Pimenta Rosa|ροζ πιπέρι|粉色胡椒|ピンクペッパー|Roze peper|Ružičasti biber|piper roz|الفلفل الوردي|Рожевий Перець|Ягаан Перец|분홍색 후추|Pembe biber|Rosa peppar|פלפל ורוד|Rózsabors|Gewürze|Especias|Epices|Koření|Spezie|Пряности|Przyprawy|Especiarias|Μπαχαρικα|香料系香调|スパイス|Specerijen|Začini|Mirodenii|التوابل|Прянощі|Амтлагчууд|스파이스|Baharatlar|Kryddor|תבלינים|Fűszerek
n2336|Plum|https://www.fragrantica.com/notes/Plum-171.html||Prune|Fruits, vegetables and nuts|A sensual fruity fragrance.|https://fimgs.net/mdimg/sastojci/t.171.jpg|https://fimgs.net/mdimg/sastojci/t2.171.jpg;https://fimgs.net/mdimg/sastojci/t3.171.jpg|https://fimgs.net/mdimg/sastojci/splash.171.jpg|2622|Pflaume|ciruela|Prune|Švestka|Prugna|Слива|Śliwka|Ameixa|δαμάσκηνο|李子|プラム|Pruim|Šljiva|prune|البرقوق|Слива|Чавга|자두|Erik|Plommon|שזיף|Szilva|Früchte, gemüse & nüsse|Frutas, vegetales y nueces|Notes fruitées à coque|Ovoce, zelenina a ořechy|Frutti, verdure e frutta secca|Фрукты, овощи и орехи|Owoce, warzywa i orzechy|Frutas, vegetais & nozes|Φρουτα, λαχανικα και ξηροι καρποι|水果，蔬菜和坚果类香调|フルーツ、野菜＆ナッツ|Fruit, groente & noten|Voće, povrće i oraščići|Fructe, legume & nuci|الفواكة و الخضروات و المكسرات|Фрукти, овочі та горіхи|Жимс, ногоо, самар|과일, 채소 및 견과류|Meyveler, sebzeler ve kuruyemişler|Frukt, grönsaker och nötter|פירות, ירקות ואגוזים|Gyümölcsök, zöldségek és diófélék
n2339|Pomegranate|https://www.fragrantica.com/notes/Pomegranate-193.html|||Fruits, vegetables and nuts|A fantasy fruity note, sweet and sour, spicy and leathery.|https://fimgs.net/mdimg/sastojci/t.193.jpg|https://fimgs.net/mdimg/sastojci/t2.193.jpg;https://fimgs.net/mdimg/sastojci/t3.193.jpg|https://fimgs.net/mdimg/sastojci/splash.193.jpg|559|Granatapfel|granada|Grenade|Granátové jablko|Melograno|Гранат|Granat|Romã|ρόδι|石榴|ザクロ|Granaatappel|nar|rodie|الرمان|Гранат|Анар|석류|Nar|Granatäpple|רימון|Gránátalma|Früchte, gemüse & nüsse|Frutas, vegetales y nueces|Notes fruitées à coque|Ovoce, zelenina a ořechy|Frutti, verdure e frutta secca|Фрукты, овощи и орехи|Owoce, warzywa i orzechy|Frutas, vegetais & nozes|Φρουτα, λαχανικα και ξηροι καρποι|水果，蔬菜和坚果类香调|フルーツ、野菜＆ナッツ|Fruit, groente & noten|Voće, povrće i oraščići|Fructe, legume & nuci|الفواكة و الخضروات و المكسرات|Фрукти, овочі та горіхи|Жимс, ногоо, самар|과일, 채소 및 견과류|Meyveler, sebzeler ve kuruyemişler|Frukt, grönsaker och nötter|פירות, ירקות ואגוזים|Gyümölcsök, zöldségek és diófélék
n2384|Rose|https://www.fragrantica.com/notes/Rose-105.html|||Flowers|the king of flowers, lemony fresh with various nuances of powder, wood notes or fruit, feminine, clean, intensely romantic|https://fimgs.net/mdimg/sastojci/t.105.jpg|https://fimgs.net/mdimg/sastojci/t2.105.jpg;https://fimgs.net/mdimg/sastojci/t3.105.jpg|https://fimgs.net/mdimg/sastojci/splash.105.jpg|19211|Rose|rosa|Rose|Růže|Rosa|Роза|Róża|Rosa|τριαντάφυλλο|玫瑰（蔷薇）|バラ|Roos|Ruža|trandafir|الورد|Троянда|Сарнай|장미|Gül|Ros|ורד|Rózsa|Blumen|Flores|Fleurs|Květiny|Fiori|Цветы|Kwiaty|Flores|Λουλουδια|花香类香调|花|Bloemen|Cveće|Flori|الزهور|Квіти|Цэцэгсийн|플라워|Çiçekler|Blommor|פרחים|Virágok
n2396|Saffron|https://www.fragrantica.com/notes/Saffron-55.html|Crocus sativus||Spices|A refined note coming from stamens of Crocus sativus, a small flower in the Iris family known since antiquity. Its odor profile is bittersweet, leathery, soft and intimate, with an earthy base note.|https://fimgs.net/mdimg/sastojci/t.55.jpg|https://fimgs.net/mdimg/sastojci/t2.55.jpg;https://fimgs.net/mdimg/sastojci/t3.55.jpg|https://fimgs.net/mdimg/sastojci/splash.55.jpg|5869|Safran|azafrán|Safran|Šafrán|Zafferano|Шафран|Szafran|Açafrão|σαφράν|藏红花|サフラン|Saffraan|Šafran|sofran|الزعفران|Шафран|Гүргэм|사프란|Safran|Saffran|זעפרן|Sáfrány|Gewürze|Especias|Epices|Koření|Spezie|Пряности|Przyprawy|Especiarias|Μπαχαρικα|香料系香调|スパイス|Specerijen|Začini|Mirodenii|التوابل|Прянощі|Амтлагчууд|스파이스|Baharatlar|Kryddor|תבלינים|Fűszerek
n2401|Sandalwood|https://www.fragrantica.com/notes/Sandalwood-33.html|Santalum album||Woods and mosses|A classic oriental woody note, milky, soft, sturdy, rich, with a green top note and a satisfying lingering scent. The best quality used to be the Mysore sandalwood variety from India, nowadays greatly reduced to the point of extinction from perfumery due to shortage of the natural material (the species is protected from harvesting because it's an endangered species). Australian sandalwood and New Caledonian sandalwood are different species with a harsher odor profile.|https://fimgs.net/mdimg/sastojci/t.33.jpg|https://fimgs.net/mdimg/sastojci/t2.33.jpg;https://fimgs.net/mdimg/sastojci/t3.33.jpg|https://fimgs.net/mdimg/sastojci/splash.33.jpg|23652|Sandelholz|sándalo|Bois de santal|Santalové dřevo|Sandalo|Сандал|Drzewo sandałowe|Sândalo|σανδαλόξυλο|檀木|白檀|Sandelhout|Sandalovo drvo|lemn de santal|خشب الصندل|Сандал|Зандан Мод|산달나무|Sandal ağacı|Sandelträ|עץ אלגום|Szantálfa|Hölzer & moose|Maderas y musgos|Bois et mousses|Dřeva a mechy|Legni e muschi|Деревья и мхи|Drewna i mchy|Madeiras & musgos|Ξυλα και βρυα|木质和苔藓类香调|ウッディ＆モス|Hout en mos|Drveće i mahovine|Lemn & muschi|الأخشاب و الطحالب|Дерева і мохи|Мод ба хөвд|우드 및 모스|Odunlar ve yosunlar|Trä och mossa|עצים ואזוב|Fák és mohák
n2430|Spicy Notes|https://www.fragrantica.com/notes/Spicy-Notes-321.html|||Spices|There are different spices obtained from different sources: seeds, fruits, barks, roots, leaves, and flowers. They can be fresh or warm, sour or sweet.|https://fimgs.net/mdimg/sastojci/t.321.jpg|https://fimgs.net/mdimg/sastojci/t2.321.jpg;https://fimgs.net/mdimg/sastojci/t3.321.jpg|https://fimgs.net/mdimg/sastojci/splash.321.jpg|1474|würzige Noten|notas especiadas|Notes épicées|Kořeněné tóny|Note Speziate|Пряности|Nuty przyprawowe|Notas Especiadas|νότες μπαχαρικών|香辛料系元素|スパイシーノート|Kruidige geurnoten|aromatizovani začini|note condimentate|رائحه التوابل|Спецієві Ноти|Амтлагчтай Ноотууд|향신료 노트|Baharatlı notalar|Kryddiga toner|תווים תבליניים|Fűszeres jegyek|Gewürze|Especias|Epices|Koření|Spezie|Пряности|Przyprawy|Especiarias|Μπαχαρικα|香料系香调|スパイス|Specerijen|Začini|Mirodenii|التوابل|Прянощі|Амтлагчууд|스파이스|Baharatlar|Kryddor|תבלינים|Fűszerek
n2458|Tobacco Leaf|https://www.fragrantica.com/notes/Tobacco-96.html|Nicotiana tabacum||Greens, herbs and fougeres|A rich, nuanced, warm and sweet herbaceous scent, with a note of whiskey, caramel, and hay.|https://fimgs.net/mdimg/sastojci/t.96.jpg|https://fimgs.net/mdimg/sastojci/t2.96.jpg;https://fimgs.net/mdimg/sastojci/t3.96.jpg|https://fimgs.net/mdimg/sastojci/splash.96.jpg|342|Tabakblatt|hojas de tabaco|Feuille de tabac|Tabákový list|Foglia di Tabacco|Лист табака|Liść tytoniu|Folha de Tabaco|φύλλο ταμπάκο|烟草叶|タバコ|Tabaksplantblad|list duhana|frunze de tutun|أوراق التبغ|Лист тютюну|Дүнсэн Тамхины Навч|담배|Tütün|Tobak|עלה הטבק|Dohánylevél|Grüne noten, kräuter & fougere-noten|Verdes, herbales y fougères|Notes vertes, herbacées et fougères|Zeleň, bylinky a kapradiny|Note verdi, erbe e fougere|Зеленые, травянистые, фужерные|Zieleń, zioła i fougere|Verdes, ervas & fougères|Πρασινα,βοτανα και φουζερ|绿色，本草和森林类香调|グリーン、ハーブ＆フゼア|Groene bladeren, kruiden en varens|Zelene komponente, bilje i paprat|Plante verzi, ierburi & fougeres|النباتات العشبيه(الجرين) و الأعشاب و الطحالب|Зелені, трав'яні та фужерні аромати|Ногоон, өвслөг, фюжер|그린, 허브 및 푸제르|Yeşi̇lli̇kler, otsi̇ notalar ve fougereler|Grönt, örter och fougères|הירוקים, עשבי תיבול ושרך|Zöldek, fűszernövények és fougère-ek
n2460|Tonka Bean|https://www.fragrantica.com/notes/Tonka-Bean-73.html|Galium verum||Spices|Tonka beans - fruits of Dipteryx odorata, a tropical tree native to Central and South America - contain 1-3% of coumarin. Tonka bean absolute contains 90% of coumarin. Depends on the amount, the scent varies from green grassy to sweet tobacco almond.|https://fimgs.net/mdimg/sastojci/t.73.jpg|https://fimgs.net/mdimg/sastojci/t2.73.jpg;https://fimgs.net/mdimg/sastojci/t3.73.jpg|https://fimgs.net/mdimg/sastojci/splash.73.jpg|9946|Tonkabohne|haba tonka|Fève de tonka|Fazole tonka|Fava Tonka|Бобы тонка|Fasolka tonka|Fava Tonka|σπόρος Τόνκα|零陵香豆|トンカ豆|Tonkaboon|Zrna Tonke|boabe de tonka|حبوب التونكا|Боби Тонка|Тонка Шош|톤카콩|Tonka fasulyesi|Tonkaböna|פולי טונקה|Tonkabab|Gewürze|Especias|Epices|Koření|Spezie|Пряности|Przyprawy|Especiarias|Μπαχαρικα|香料系香调|スパイス|Specerijen|Začini|Mirodenii|التوابل|Прянощі|Амтлагчууд|스파이스|Baharatlar|Kryddor|תבלינים|Fűszerek
n2480|Vanilla|https://www.fragrantica.com/notes/Vanilla-74.html|||Spices||https://fimgs.net/mdimg/sastojci/t.74.jpg|https://fimgs.net/mdimg/sastojci/t2.74.jpg;https://fimgs.net/mdimg/sastojci/t3.74.jpg|https://fimgs.net/mdimg/sastojci/splash.74.jpg|24735|Vanille|vainilla|Vanille|Vanilka|Vaniglia|Ваниль|Wanilia|Baunilha|Βανίλια|香草|バニラ|Vanille|Vanilija|vanilie|الفانيليا|Ваніль|Ваниль|바닐라|Vanilya|Vanilj|וניל|Vanília|Gewürze|Especias|Epices|Koření|Spezie|Пряности|Przyprawy|Especiarias|Μπαχαρικα|香料系香调|スパイス|Specerijen|Začini|Mirodenii|التوابل|Прянощі|Амтлагчууд|스파이스|Baharatlar|Kryddor|תבלינים|Fűszerek
n2490|Vetiver|https://www.fragrantica.com/notes/Vetiver-2.html|Vetiveria zizanoides|vetivert, khus|Woods and mosses|Vetivers from different parts of the world differ a lot. For example, Haitian vetiver is clean and ethereal, while the Javanese one is smoky and dusty. If we have to generalize the scent, it is earthy, woody, green.|https://fimgs.net/mdimg/sastojci/t.2.jpg|https://fimgs.net/mdimg/sastojci/t2.2.jpg;https://fimgs.net/mdimg/sastojci/t3.2.jpg|https://fimgs.net/mdimg/sastojci/splash.2.jpg|12303|Vetiver|vetiver|Vétiver|Vetiver|Vetiver|Ветивер|Wetyweria|Vetiver|Βέτιβερ|香根草|ベチバー|Vetiver|Vetiver|vetiver|نجيل الهند|Ветивер|Ветивер|베티버|Vetiver|Vetiver|וטיבר|Vetiver|Hölzer & moose|Maderas y musgos|Bois et mousses|Dřeva a mechy|Legni e muschi|Деревья и мхи|Drewna i mchy|Madeiras & musgos|Ξυλα και βρυα|木质和苔藓类香调|ウッディ＆モス|Hout en mos|Drveće i mahovine|Lemn & muschi|الأخشاب و الطحالب|Дерева і мохи|Мод ба хөвд|우드 및 모스|Odunlar ve yosunlar|Trä och mossa|עצים ואזוב|Fák és mohák
n2493|Violet|https://www.fragrantica.com/notes/Violet-116.html|||Flowers|A sweet and powdery, airy and dewy floral note.|https://fimgs.net/mdimg/sastojci/t.116.jpg|https://fimgs.net/mdimg/sastojci/t2.116.jpg;https://fimgs.net/mdimg/sastojci/t3.116.jpg|https://fimgs.net/mdimg/sastojci/splash.116.jpg|6835|Veilchen|violeta|Violette|Fialka|Violetta|Фиалка|Fiołek|Violeta|Βιολέτα|紫罗兰（香菫菜）|すみれ|Viooltje|Ljubičica|violeta|البنفسج|Фіалка|Нил Цэцэг|제비꽃|Menekşe|Viol|סיגלית|Ibolya|Blumen|Flores|Fleurs|Květiny|Fiori|Цветы|Kwiaty|Flores|Λουλουδια|花香类香调|花|Bloemen|Cveće|Flori|الزهور|Квіти|Цэцэгсийн|플라워|Çiçekler|Blommor|פרחים|Virágok
n2497|Virginian Cedar|https://www.fragrantica.com/notes/Cedar-41.html|||Woods and mosses|An soft woody note coming from either the Atlas Mountains (Morocco) or the Virginia (US) cedarwood. There are also many cedar-smelling synthetics in use.|https://fimgs.net/mdimg/sastojci/t.41.jpg|https://fimgs.net/mdimg/sastojci/t2.41.jpg;https://fimgs.net/mdimg/sastojci/t3.41.jpg|https://fimgs.net/mdimg/sastojci/splash.41.jpg|251|Virginiazeder|cedro de Virginia|Cèdre de Virginie|Virginský cedr|Cedro della Virginia|Вирджинский кедр|Cedr Virginia|Cedro da Virgínia|Κέδρος Βιρτζίνιας|弗吉尼亚州雪松|バージニアシダー|Virginiaanse ceder|Kedar iz Virginije|cedru de Virginia|خشب الأرز من فرجينيا|Кедр з Вірджинії|Виржиниа Хуш|잣나무|Sedir|Cederträ|ארז וירג'יניה|Virginiai cédrus|Hölzer & moose|Maderas y musgos|Bois et mousses|Dřeva a mechy|Legni e muschi|Деревья и мхи|Drewna i mchy|Madeiras & musgos|Ξυλα και βρυα|木质和苔藓类香调|ウッディ＆モス|Hout en mos|Drveće i mahovine|Lemn & muschi|الأخشاب و الطحالب|Дерева і мохи|Мод ба хөвд|우드 및 모스|Odunlar ve yosunlar|Trä och mossa|עצים ואזוב|Fák és mohák
n2510|Whipped Cream|https://www.fragrantica.com/notes/Cream-454.html|||Sweets and gourmand smells|A fantasy note or aspect of a number of ingredients.|https://fimgs.net/mdimg/sastojci/t.454.jpg|https://fimgs.net/mdimg/sastojci/t2.454.jpg;https://fimgs.net/mdimg/sastojci/t3.454.jpg|https://fimgs.net/himg/o.88669.jpg|623|Schlagsahne|crema batida|Crème fouettée|Šlehačka|Panna Montata|Взбитые сливки|Bita śmietana|Chantilly|σαντιγύ|生奶油|ホイップクリーム|Slagroom|Šlag|frisca|الكريمة المخفوقة|Збиті Вершки|Хөвсгөр Крем|생크림|Krem şanti|Vispgrädde|קצפת|Tejszínhab|Naschwerk & gourmand|Aromas dulces y gourmand|Notes fruitées et gourmandes|Sladké a gurmánské vůně|Aromi dolci e gourmand|Сладкие и гурманские|Nuty słodkie i gourmand|Doces & cheiros gourmand|Γλυκες και gourmand μυρωδιες|糖果和美食类香调|スイーツ＆グルマン|Zoetigheden en gourmands|Slatki i gurmanski mirisi|Mirosuri dulci & gurmande|الحلوي و النكهات|Солодкі, гурманські запахи|Чихэрлэг ба гурманд үнэрүүд|달콤한 향 및 구어망드|Tatlilar ve gurme kokular|Sötsaker och gourmanddofter|ממתקים וריחות גורמאנד|Édességek és gourmand illatok
n2564|Woody Notes|https://www.fragrantica.com/notes/Woody-Notes-315.html|||Woods and mosses|Umbrella term used to refer to fragrance notes coming from woody materials (trees mostly, as well as some bushes -such as patchouli- or a few grasses -such as vetiver).|https://fimgs.net/mdimg/sastojci/t.315.jpg|https://fimgs.net/mdimg/sastojci/t2.315.jpg;https://fimgs.net/mdimg/sastojci/t3.315.jpg|https://fimgs.net/mdimg/sastojci/splash.315.jpg|5672|holzige Noten|notas amaderadas|Notes boisées|Dřevité tóny|Note Legnose|Древесные ноты|Nuty drzewne|Notas Amadeiradas|νότες  ξύλων|木质元素|ウッディーノート|Hout Noten|Drvene note|note lemnoase|الأخشاب|Деревні Ноти|Модлог Ноот|우디 노트|Odunsu Notlar|Träiga noter|תמציות עץ|Fás jegyek|Hölzer & moose|Maderas y musgos|Bois et mousses|Dřeva a mechy|Legni e muschi|Деревья и мхи|Drewna i mchy|Madeiras & musgos|Ξυλα και βρυα|木质和苔藓类香调|ウッディ＆モス|Hout en mos|Drveće i mahovine|Lemn & muschi|الأخشاب و الطحالب|Дерева і мохи|Мод ба хөвд|우드 및 모스|Odunlar ve yosunlar|Trä och mossa|עצים ואזוב|Fák és mohák
